{"stats":{"minecraft:dropped":{"minecraft:cobblestone":64,"minecraft:granite":9,"minecraft:gravel":1,"minecraft:cobbled_deepslate":3,"minecraft:tuff":1,"minecraft:andesite":44},"minecraft:custom":{"minecraft:mob_kills":47,"minecraft:interact_with_crafting_table":34,"minecraft:leave_game":6,"minecraft:time_since_death":114346,"minecraft:sprint_one_cm":176994,"minecraft:walk_one_cm":338834,"minecraft:drop":6,"minecraft:talked_to_villager":2,"minecraft:play_time":114346,"minecraft:sneak_time":418,"minecraft:walk_under_water_one_cm":19426,"minecraft:jump":1668,"minecraft:walk_on_water_one_cm":30823,"minecraft:total_world_time":114346,"minecraft:interact_with_furnace":48,"minecraft:sleep_in_bed":7,"minecraft:time_since_rest":30745,"minecraft:damage_taken":1188,"minecraft:damage_dealt":6180,"minecraft:swim_one_cm":58964,"minecraft:fly_one_cm":150532,"minecraft:open_chest":40,"minecraft:crouch_one_cm":554,"tombstone:undead_killed":17,"minecraft:fall_one_cm":30984},"minecraft:killed":{"minecraft:cave_spider":4,"minecraft:spider":1,"minecraft:skeleton":7,"minecraft:chicken":1,"minecraft:wolf":1,"minecraft:pig":2,"minecraft:zombie_villager":1,"minecraft:creeper":2,"minecraft:sheep":11,"minecraft:zombie":9,"minecraft:cow":7},"minecraft:used":{"minecraft:stone_sword":23,"minecraft:stone_shovel":157,"minecraft:chest":6,"vanillaplustools:stone_hammer":35,"minecraft:cooked_chicken":1,"minecraft:torch":14,"minecraft:dirt":20,"minecraft:tuff":42,"minecraft:iron_axe":119,"minecraft:furnace":2,"tombstone:gift":1,"minecraft:egg":4,"minecraft:cooked_beef":3,"minecraft:cobbled_deepslate":21,"minecraft:cooked_mutton":10,"minecraft:stone_pickaxe":76,"minecraft:oak_planks":180,"minecraft:wooden_pickaxe":31,"minecraft:sand":17,"minecraft:crafting_table":1,"minecraft:white_bed":2,"minecraft:apple":1,"minecraft:iron_pickaxe":133,"minecraft:stone_axe":132,"minecraft:cobblestone":56,"vanillaplustools:iron_hammer":232,"minecraft:cooked_porkchop":3,"minecraft:yellow_bed":5},"minecraft:broken":{"minecraft:stone_axe":1,"minecraft:stone_shovel":1},"minecraft:crafted":{"minecraft:oak_planks":228,"minecraft:stone_shovel":2,"vanillaplustools:stone_hammer":1,"minecraft:cooked_chicken":1,"minecraft:furnace":2,"minecraft:cooked_mutton":16,"vanillaplustools:iron_hammer":1,"minecraft:iron_boots":1,"minecraft:iron_axe":1,"minecraft:stone_pickaxe":10,"minecraft:chest":5,"minecraft:cooked_beef":13,"biomesoplenty:jacaranda_planks":228,"minecraft:cooked_porkchop":6,"minecraft:crafting_table":1,"minecraft:wooden_pickaxe":1,"minecraft:iron_helmet":1,"minecraft:birch_planks":48,"minecraft:stone_axe":2,"minecraft:air":0,"minecraft:iron_chestplate":1,"minecraft:stick":104,"minecraft:iron_ingot":61,"minecraft:iron_pickaxe":9,"minecraft:stone_sword":1,"minecraft:iron_leggings":1,"minecraft:torch":8},"minecraft:mined":{"minecraft:tuff":281,"minecraft:white_bed":2,"minecraft:deepslate_diamond_ore":5,"minecraft:granite":37,"minecraft:budding_amethyst":2,"minecraft:grass_block":12,"minecraft:magma_block":3,"minecraft:redstone_ore":1,"biomesoplenty:jacaranda_log":58,"minecraft:raw_iron_block":2,"biomesoplenty:tall_lavender":1,"minecraft:iron_ore":58,"biomesoplenty:lavender":9,"minecraft:andesite":49,"minecraft:deepslate_lapis_ore":6,"minecraft:deepslate_iron_ore":181,"minecraft:dirt_path":2,"minecraft:rail":1,"minecraft:stone":746,"biomesoplenty:jacaranda_leaves":9,"minecraft:deepslate_redstone_ore":3,"minecraft:amethyst_cluster":1,"minecraft:torch":4,"minecraft:calcite":10,"minecraft:chest":1,"minecraft:tall_grass":3,"minecraft:copper_ore":6,"minecraft:lapis_ore":4,"minecraft:deepslate_gold_ore":10,"minecraft:oak_planks":4,"minecraft:diorite":1,"minecraft:wall_torch":4,"minecraft:amethyst_block":13,"minecraft:birch_log":12,"minecraft:yellow_bed":4,"minecraft:grass":16,"minecraft:oak_log":57,"minecraft:coal_ore":88,"minecraft:dirt":17,"minecraft:gravel":4,"minecraft:sand":156,"minecraft:cobweb":23,"minecraft:smooth_basalt":13,"minecraft:oak_leaves":15,"minecraft:deepslate":604},"minecraft:picked_up":{"minecraft:chicken":1,"minecraft:amethyst_block":7,"minecraft:string":26,"minecraft:raw_copper":21,"biomesoplenty:tall_lavender":1,"minecraft:cobbled_deepslate":408,"minecraft:beef":13,"minecraft:calcite":2,"minecraft:light_gray_wool":2,"minecraft:chest":1,"minecraft:birch_sapling":3,"minecraft:egg":5,"minecraft:raw_iron":236,"minecraft:stick":14,"minecraft:torch":8,"minecraft:porkchop":6,"tombstone:grave_dust":1,"minecraft:diorite":1,"minecraft:redstone":19,"minecraft:rotten_flesh":6,"minecraft:arrow":2,"biomesoplenty:jacaranda_log":57,"minecraft:mutton":19,"minecraft:white_wool":8,"minecraft:rail":1,"minecraft:cobblestone":676,"biomesoplenty:lavender":9,"minecraft:birch_log":12,"minecraft:feather":1,"minecraft:andesite":49,"minecraft:leather":7,"minecraft:brown_wool":3,"minecraft:flint":1,"minecraft:tuff":198,"minecraft:oak_log":57,"minecraft:yellow_bed":6,"minecraft:gunpowder":1,"minecraft:lapis_lazuli":56,"minecraft:dirt":31,"minecraft:bone":8,"minecraft:apple":1,"minecraft:wheat_seeds":4,"minecraft:raw_gold":10,"minecraft:oak_planks":4,"minecraft:smooth_basalt":2,"minecraft:raw_iron_block":2,"minecraft:gravel":3,"minecraft:sand":189,"minecraft:amethyst_shard":4,"minecraft:white_bed":3,"minecraft:spider_eye":2,"minecraft:bundle":1,"minecraft:diamond":5,"minecraft:granite":38,"tombstone:magic_scroll":1,"minecraft:oak_sapling":14,"minecraft:coal":89}},"DataVersion":3463}