{"stats":{"minecraft:custom":{"minecraft:interact_with_furnace":40,"minecraft:mob_kills":38,"minecraft:interact_with_crafting_table":31,"minecraft:leave_game":5,"minecraft:time_since_death":85942,"minecraft:sleep_in_bed":7,"minecraft:time_since_rest":2341,"minecraft:sprint_one_cm":136148,"minecraft:damage_taken":821,"minecraft:walk_one_cm":270497,"minecraft:damage_dealt":4379,"minecraft:swim_one_cm":38444,"minecraft:talked_to_villager":2,"minecraft:fly_one_cm":112898,"minecraft:open_chest":31,"minecraft:crouch_one_cm":554,"minecraft:play_time":85942,"tombstone:undead_killed":9,"minecraft:sneak_time":359,"minecraft:walk_under_water_one_cm":11770,"minecraft:jump":1250,"minecraft:walk_on_water_one_cm":19777,"minecraft:total_world_time":85942,"minecraft:fall_one_cm":21947},"minecraft:killed":{"minecraft:wolf":1,"minecraft:cave_spider":4,"minecraft:pig":2,"minecraft:zombie_villager":1,"minecraft:spider":1,"minecraft:creeper":1,"minecraft:skeleton":4,"minecraft:sheep":11,"minecraft:zombie":4,"minecraft:chicken":1,"minecraft:cow":7},"minecraft:used":{"minecraft:cooked_mutton":5,"minecraft:stone_sword":23,"minecraft:stone_pickaxe":76,"minecraft:stone_shovel":157,"minecraft:oak_planks":180,"minecraft:chest":5,"minecraft:wooden_pickaxe":31,"vanillaplustools:stone_hammer":35,"minecraft:cooked_chicken":1,"minecraft:torch":13,"minecraft:sand":17,"minecraft:dirt":20,"minecraft:crafting_table":1,"minecraft:white_bed":2,"minecraft:apple":1,"minecraft:iron_axe":73,"minecraft:iron_pickaxe":133,"minecraft:stone_axe":132,"minecraft:cobblestone":54,"minecraft:furnace":2,"minecraft:cooked_porkchop":3,"minecraft:yellow_bed":5,"minecraft:egg":4,"minecraft:cobbled_deepslate":21,"minecraft:cooked_beef":3},"minecraft:broken":{"minecraft:stone_axe":1,"minecraft:stone_shovel":1},"minecraft:crafted":{"minecraft:cooked_beef":13,"minecraft:oak_planks":228,"minecraft:stone_shovel":2,"biomesoplenty:jacaranda_planks":112,"vanillaplustools:stone_hammer":1,"minecraft:cooked_porkchop":6,"minecraft:crafting_table":1,"minecraft:cooked_chicken":1,"minecraft:wooden_pickaxe":1,"minecraft:iron_helmet":1,"minecraft:furnace":2,"minecraft:birch_planks":48,"minecraft:stone_axe":2,"minecraft:cooked_mutton":16,"minecraft:air":0,"minecraft:iron_boots":1,"minecraft:iron_chestplate":1,"minecraft:iron_axe":1,"minecraft:stick":104,"minecraft:iron_ingot":39,"minecraft:iron_pickaxe":1,"minecraft:stone_pickaxe":10,"minecraft:stone_sword":1,"minecraft:chest":5,"minecraft:iron_leggings":1,"minecraft:torch":8},"minecraft:mined":{"biomesoplenty:jacaranda_leaves":9,"minecraft:deepslate_redstone_ore":3,"minecraft:tuff":2,"minecraft:white_bed":2,"minecraft:deepslate_diamond_ore":3,"minecraft:amethyst_cluster":1,"minecraft:torch":4,"minecraft:granite":28,"minecraft:budding_amethyst":2,"minecraft:calcite":2,"minecraft:grass_block":12,"minecraft:chest":1,"minecraft:tall_grass":3,"minecraft:deepslate_gold_ore":5,"minecraft:lapis_ore":3,"minecraft:oak_planks":4,"minecraft:diorite":1,"minecraft:wall_torch":4,"minecraft:amethyst_block":7,"biomesoplenty:jacaranda_log":58,"minecraft:redstone_ore":1,"biomesoplenty:tall_lavender":1,"minecraft:birch_log":12,"minecraft:iron_ore":58,"biomesoplenty:lavender":9,"minecraft:andesite":5,"minecraft:deepslate_lapis_ore":6,"minecraft:yellow_bed":4,"minecraft:grass":16,"minecraft:oak_log":57,"minecraft:coal_ore":66,"minecraft:deepslate_iron_ore":4,"minecraft:dirt_path":2,"minecraft:gravel":3,"minecraft:sand":156,"minecraft:dirt":17,"minecraft:cobweb":23,"minecraft:smooth_basalt":2,"minecraft:stone":151,"minecraft:deepslate":13,"minecraft:oak_leaves":15},"minecraft:picked_up":{"minecraft:birch_log":12,"biomesoplenty:lavender":9,"minecraft:feather":1,"minecraft:chicken":1,"minecraft:andesite":5,"minecraft:brown_wool":3,"minecraft:leather":7,"minecraft:flint":1,"minecraft:tuff":2,"minecraft:oak_log":57,"minecraft:yellow_bed":6,"minecraft:gunpowder":1,"minecraft:amethyst_block":7,"minecraft:dirt":31,"minecraft:lapis_lazuli":56,"minecraft:string":26,"biomesoplenty:tall_lavender":1,"minecraft:bone":3,"minecraft:apple":1,"minecraft:wheat_seeds":4,"minecraft:cobbled_deepslate":21,"minecraft:raw_gold":5,"minecraft:beef":13,"minecraft:calcite":2,"minecraft:light_gray_wool":2,"minecraft:chest":1,"minecraft:birch_sapling":3,"minecraft:oak_planks":4,"minecraft:egg":5,"minecraft:stick":14,"minecraft:raw_iron":61,"minecraft:smooth_basalt":2,"minecraft:torch":8,"minecraft:gravel":2,"minecraft:porkchop":6,"minecraft:sand":189,"minecraft:amethyst_shard":4,"minecraft:diorite":1,"minecraft:white_bed":3,"minecraft:redstone":19,"minecraft:spider_eye":2,"minecraft:arrow":2,"minecraft:rotten_flesh":3,"biomesoplenty:jacaranda_log":57,"minecraft:diamond":3,"minecraft:granite":29,"tombstone:magic_scroll":1,"minecraft:oak_sapling":14,"minecraft:mutton":19,"minecraft:coal":67,"minecraft:white_wool":8,"minecraft:cobblestone":133}},"DataVersion":3463}