{"stats":{"minecraft:dropped":{"minecraft:wheat_seeds":1,"minecraft:cobblestone":64,"minecraft:granite":9,"minecraft:gravel":1,"minecraft:cobbled_deepslate":3,"minecraft:tuff":1,"minecraft:raw_iron":64,"minecraft:bundle":1,"minecraft:andesite":69},"minecraft:custom":{"minecraft:mob_kills":50,"minecraft:interact_with_crafting_table":47,"minecraft:leave_game":7,"minecraft:time_since_death":31038,"minecraft:sprint_one_cm":291437,"minecraft:walk_one_cm":421560,"minecraft:drop":35,"minecraft:talked_to_villager":2,"minecraft:play_time":162229,"minecraft:deaths":1,"minecraft:sneak_time":663,"minecraft:walk_under_water_one_cm":31276,"minecraft:boat_one_cm":113264,"minecraft:jump":2558,"minecraft:interact_with_blast_furnace":5,"minecraft:walk_on_water_one_cm":48062,"minecraft:total_world_time":162229,"minecraft:interact_with_furnace":93,"minecraft:sleep_in_bed":8,"minecraft:time_since_rest":5993,"minecraft:damage_taken":1795,"minecraft:damage_dealt":6834,"minecraft:swim_one_cm":114795,"minecraft:fly_one_cm":304205,"minecraft:open_chest":77,"minecraft:crouch_one_cm":603,"tombstone:undead_killed":18,"minecraft:fall_one_cm":56430},"minecraft:killed":{"minecraft:cave_spider":4,"minecraft:spider":1,"minecraft:skeleton":8,"minecraft:chicken":1,"minecraft:turtle":1,"minecraft:wolf":1,"minecraft:pig":2,"minecraft:zombie_villager":1,"minecraft:creeper":2,"minecraft:sheep":11,"minecraft:zombie":9,"minecraft:cow":8},"minecraft:used":{"minecraft:stone_sword":23,"minecraft:stone_shovel":157,"minecraft:chest":6,"vanillaplustools:stone_hammer":35,"minecraft:cooked_chicken":1,"minecraft:torch":14,"minecraft:dirt":22,"securitycraft:keypad_item":1,"minecraft:tuff":50,"minecraft:iron_axe":133,"minecraft:furnace":3,"tombstone:gift":1,"minecraft:egg":5,"minecraft:cooked_beef":5,"minecraft:cobbled_deepslate":21,"minecraft:cooked_mutton":16,"minecraft:stone_pickaxe":76,"minecraft:oak_planks":180,"minecraft:birch_boat":1,"minecraft:wooden_pickaxe":31,"minecraft:sand":17,"minecraft:crafting_table":1,"minecraft:blast_furnace":1,"minecraft:white_bed":2,"minecraft:apple":1,"minecraft:iron_pickaxe":141,"minecraft:stone_axe":132,"minecraft:cobblestone":56,"vanillaplustools:iron_hammer":248,"minecraft:cooked_porkchop":3,"minecraft:yellow_bed":6},"minecraft:broken":{"vanillaplustools:iron_hammer":1,"minecraft:stone_axe":1,"minecraft:stone_shovel":1},"minecraft:crafted":{"minecraft:smooth_stone":3,"minecraft:oak_planks":228,"minecraft:stone_shovel":2,"vanillaplustools:stone_hammer":1,"minecraft:cooked_chicken":1,"minecraft:furnace":3,"minecraft:stone_button":8,"minecraft:blast_furnace":1,"minecraft:stone":14,"securitycraft:keypad_item":1,"minecraft:heavy_weighted_pressure_plate":1,"minecraft:cooked_mutton":16,"vanillaplustools:iron_hammer":1,"minecraft:iron_boots":1,"minecraft:iron_axe":2,"minecraft:stone_pickaxe":10,"minecraft:chest":5,"minecraft:cooked_beef":13,"biomesoplenty:jacaranda_planks":228,"minecraft:cooked_porkchop":6,"minecraft:crafting_table":1,"minecraft:wooden_pickaxe":1,"minecraft:iron_helmet":1,"minecraft:birch_planks":48,"minecraft:stone_axe":2,"minecraft:air":0,"minecraft:iron_chestplate":1,"minecraft:diamond_pickaxe":1,"minecraft:stick":104,"minecraft:iron_ingot":153,"minecraft:iron_pickaxe":12,"minecraft:stone_sword":1,"minecraft:iron_leggings":1,"minecraft:torch":8},"minecraft:mined":{"minecraft:tuff":281,"minecraft:white_bed":2,"minecraft:deepslate_diamond_ore":5,"minecraft:granite":37,"minecraft:budding_amethyst":2,"minecraft:grass_block":12,"minecraft:magma_block":3,"minecraft:redstone_ore":5,"biomesoplenty:jacaranda_log":58,"minecraft:raw_iron_block":2,"biomesoplenty:tall_lavender":1,"minecraft:furnace":1,"minecraft:iron_ore":75,"biomesoplenty:lavender":9,"minecraft:andesite":96,"minecraft:deepslate_lapis_ore":6,"minecraft:deepslate_iron_ore":181,"minecraft:dirt_path":2,"minecraft:rail":1,"biomesoplenty:spider_egg":1,"minecraft:stone":809,"minecraft:podzol":3,"biomesoplenty:jacaranda_leaves":9,"minecraft:deepslate_redstone_ore":3,"minecraft:amethyst_cluster":1,"minecraft:torch":4,"minecraft:calcite":10,"minecraft:chest":1,"minecraft:tall_grass":3,"minecraft:copper_ore":6,"minecraft:lapis_ore":4,"biomesoplenty:huge_clover_petal":4,"minecraft:deepslate_gold_ore":10,"minecraft:oak_planks":4,"minecraft:diorite":1,"minecraft:wall_torch":5,"minecraft:amethyst_block":13,"minecraft:birch_log":12,"minecraft:yellow_bed":4,"minecraft:grass":17,"minecraft:oak_log":57,"minecraft:coal_ore":88,"minecraft:dirt":17,"minecraft:gravel":4,"minecraft:sand":156,"minecraft:cobweb":23,"minecraft:smooth_basalt":13,"minecraft:oak_leaves":15,"minecraft:deepslate":604},"minecraft:picked_up":{"minecraft:seagrass":1,"minecraft:chicken":1,"minecraft:amethyst_block":7,"minecraft:string":26,"minecraft:raw_copper":21,"biomesoplenty:tall_lavender":1,"minecraft:cobbled_deepslate":408,"minecraft:beef":13,"minecraft:calcite":2,"minecraft:iron_pickaxe":1,"minecraft:light_gray_wool":2,"minecraft:birch_sapling":3,"minecraft:chest":1,"minecraft:furnace":1,"minecraft:egg":6,"minecraft:raw_iron":253,"minecraft:stick":14,"minecraft:torch":9,"minecraft:porkchop":6,"tombstone:grave_dust":1,"minecraft:diorite":1,"minecraft:redstone":19,"minecraft:rotten_flesh":6,"minecraft:arrow":2,"biomesoplenty:jacaranda_log":57,"minecraft:mutton":19,"minecraft:white_wool":8,"minecraft:rail":1,"minecraft:cobblestone":676,"minecraft:birch_log":12,"biomesoplenty:lavender":9,"minecraft:feather":1,"minecraft:andesite":74,"minecraft:brown_wool":3,"minecraft:leather":7,"minecraft:flint":1,"minecraft:tuff":198,"minecraft:oak_log":57,"minecraft:yellow_bed":6,"minecraft:gunpowder":1,"minecraft:lapis_lazuli":56,"minecraft:dirt":34,"minecraft:bone":9,"minecraft:apple":1,"minecraft:wheat_seeds":5,"minecraft:raw_gold":10,"minecraft:oak_planks":4,"minecraft:smooth_basalt":2,"minecraft:birch_boat":2,"minecraft:raw_iron_block":2,"minecraft:gravel":3,"minecraft:sand":189,"minecraft:amethyst_shard":4,"minecraft:white_bed":3,"minecraft:spider_eye":2,"minecraft:bundle":1,"minecraft:diamond":5,"minecraft:granite":38,"tombstone:magic_scroll":1,"minecraft:oak_sapling":14,"minecraft:coal":96}},"DataVersion":3463}