{"stats":{"minecraft:dropped":{"minecraft:wheat_seeds":1,"biomesoplenty:lavender":28,"minecraft:cobblestone":64,"minecraft:granite":9,"minecraft:seagrass":2,"minecraft:coast_armor_trim_smithing_template":2,"minecraft:gravel":1,"minecraft:cobbled_deepslate":3,"minecraft:tuff":1,"minecraft:raw_iron":64,"minecraft:filled_map":1,"minecraft:bundle":1,"minecraft:andesite":69},"minecraft:custom":{"minecraft:mob_kills":64,"minecraft:interact_with_crafting_table":66,"minecraft:leave_game":8,"minecraft:time_since_death":170440,"minecraft:walk_one_cm":832450,"minecraft:sprint_one_cm":588772,"minecraft:drop":40,"minecraft:talked_to_villager":2,"minecraft:play_time":301631,"minecraft:sneak_time":6184,"minecraft:deaths":1,"minecraft:walk_under_water_one_cm":65972,"minecraft:boat_one_cm":276144,"minecraft:jump":4198,"minecraft:interact_with_blast_furnace":16,"minecraft:walk_on_water_one_cm":92818,"minecraft:total_world_time":301631,"minecraft:interact_with_furnace":118,"minecraft:sleep_in_bed":18,"minecraft:time_since_rest":2602,"minecraft:damage_taken":2474,"minecraft:damage_dealt":9537,"minecraft:swim_one_cm":181060,"minecraft:fly_one_cm":568995,"minecraft:open_chest":161,"minecraft:crouch_one_cm":18475,"tombstone:undead_killed":29,"minecraft:fall_one_cm":97617,"minecraft:horse_one_cm":18276},"minecraft:killed":{"minecraft:cave_spider":4,"minecraft:spider":1,"minecraft:skeleton":11,"minecraft:chicken":1,"minecraft:turtle":1,"minecraft:wolf":1,"minecraft:pig":2,"minecraft:zombie_villager":2,"minecraft:creeper":3,"minecraft:sheep":11,"minecraft:zombie":16,"minecraft:cow":10},"minecraft:used":{"minecraft:stone_sword":23,"minecraft:iron_shovel":231,"securitycraft:keypad_chest":2,"minecraft:stone_shovel":157,"minecraft:chest":10,"minecraft:stone_hoe":87,"vanillaplustools:stone_hammer":35,"minecraft:cooked_salmon":1,"minecraft:cooked_chicken":1,"minecraft:torch":39,"minecraft:dirt":237,"securitycraft:keypad_item":1,"biomesoplenty:jacaranda_slab":86,"minecraft:tuff":50,"minecraft:granite":1,"minecraft:obsidian":7,"minecraft:purple_stained_glass_pane":91,"minecraft:iron_axe":571,"biomesoplenty:jacaranda_log":65,"biomesoplenty:jacaranda_stairs":12,"minecraft:furnace":5,"tombstone:gift":1,"minecraft:egg":5,"minecraft:potato":6,"minecraft:cooked_beef":16,"minecraft:cobbled_deepslate":22,"minecraft:wheat_seeds":33,"minecraft:cooked_mutton":16,"biomesoplenty:jacaranda_door":2,"minecraft:water_bucket":57,"minecraft:diorite":3,"minecraft:birch_planks":127,"minecraft:stone_pickaxe":76,"minecraft:oak_planks":180,"minecraft:wooden_pickaxe":31,"minecraft:birch_boat":2,"minecraft:sandstone":24,"minecraft:sugar_cane":37,"minecraft:sand":24,"minecraft:crafting_table":2,"minecraft:blast_furnace":2,"securitycraft:universal_block_remover":2,"minecraft:white_bed":2,"biomesoplenty:jacaranda_planks":293,"minecraft:diamond_pickaxe":24,"minecraft:apple":1,"minecraft:iron_pickaxe":366,"minecraft:stone_axe":132,"minecraft:cobblestone":154,"vanillaplustools:iron_hammer":248,"minecraft:cooked_porkchop":4,"minecraft:bucket":57,"minecraft:yellow_bed":8},"minecraft:broken":{"vanillaplustools:iron_hammer":1,"minecraft:iron_axe":1,"minecraft:stone_axe":1,"minecraft:iron_pickaxe":1,"minecraft:stone_shovel":1},"minecraft:crafted":{"minecraft:smooth_stone":3,"minecraft:oak_planks":228,"minecraft:stone_shovel":2,"vanillaplustools:stone_hammer":1,"minecraft:cooked_chicken":1,"minecraft:furnace":3,"minecraft:stone_button":8,"minecraft:blast_furnace":1,"minecraft:stone":14,"securitycraft:keypad_item":1,"minecraft:heavy_weighted_pressure_plate":1,"minecraft:cooked_mutton":16,"minecraft:glass_pane":144,"minecraft:glass":88,"vanillaplustools:iron_hammer":1,"minecraft:iron_boots":1,"minecraft:iron_axe":3,"securitycraft:universal_block_remover":1,"minecraft:stone_pickaxe":10,"minecraft:chest":5,"biomesoplenty:jacaranda_door":3,"minecraft:stone_hoe":1,"biomesoplenty:jacaranda_stairs":24,"minecraft:cooked_beef":17,"minecraft:purple_stained_glass_pane":104,"biomesoplenty:jacaranda_planks":512,"minecraft:cooked_porkchop":6,"minecraft:enchanting_table":1,"minecraft:crafting_table":1,"minecraft:wooden_pickaxe":1,"minecraft:iron_helmet":1,"minecraft:iron_sword":1,"minecraft:bucket":1,"minecraft:birch_planks":188,"minecraft:stone_axe":2,"biomesoplenty:jacaranda_slab":90,"minecraft:air":0,"minecraft:iron_chestplate":1,"minecraft:purple_dye":13,"minecraft:diamond_pickaxe":1,"minecraft:stick":104,"minecraft:iron_ingot":202,"minecraft:iron_pickaxe":12,"minecraft:iron_block":12,"minecraft:stone_sword":1,"minecraft:iron_shovel":1,"minecraft:iron_leggings":1,"minecraft:torch":36,"minecraft:shears":1},"minecraft:mined":{"minecraft:dark_oak_planks":1,"minecraft:tuff":281,"minecraft:spruce_planks":1,"minecraft:white_bed":2,"minecraft:deepslate_diamond_ore":5,"minecraft:obsidian":14,"minecraft:granite":38,"minecraft:budding_amethyst":2,"biomesoplenty:bush":4,"minecraft:grass_block":145,"minecraft:purple_stained_glass_pane":4,"minecraft:sandstone":25,"minecraft:magma_block":3,"biomesoplenty:jacaranda_log":267,"minecraft:redstone_ore":5,"minecraft:raw_iron_block":2,"biomesoplenty:tall_lavender":5,"minecraft:furnace":3,"minecraft:iron_ore":75,"biomesoplenty:lavender":49,"minecraft:andesite":100,"minecraft:deepslate_lapis_ore":6,"biomesoplenty:sea_oats":1,"minecraft:deepslate_iron_ore":194,"minecraft:dirt_path":2,"minecraft:rail":1,"biomesoplenty:spider_egg":1,"minecraft:stone":860,"minecraft:podzol":3,"biomesoplenty:jacaranda_leaves":28,"minecraft:deepslate_redstone_ore":3,"biomesoplenty:jacaranda_slab":11,"biomesoplenty:jacaranda_planks":38,"minecraft:amethyst_cluster":1,"minecraft:crafting_table":1,"minecraft:torch":14,"minecraft:blast_furnace":1,"minecraft:calcite":10,"minecraft:chest":5,"minecraft:cobblestone":5,"minecraft:tall_grass":27,"minecraft:copper_ore":6,"biomesoplenty:huge_clover_petal":4,"minecraft:lapis_ore":4,"minecraft:deepslate_gold_ore":10,"minecraft:sugar_cane":59,"minecraft:oak_planks":4,"minecraft:diorite":15,"minecraft:wall_torch":7,"minecraft:amethyst_block":13,"minecraft:spruce_stairs":1,"minecraft:birch_planks":1,"minecraft:birch_log":47,"minecraft:birch_leaves":2,"minecraft:bee_nest":1,"minecraft:yellow_bed":6,"minecraft:grass":237,"minecraft:oak_log":61,"minecraft:coal_ore":189,"minecraft:gravel":6,"minecraft:sand":206,"minecraft:dirt":118,"minecraft:cobweb":23,"minecraft:smooth_basalt":13,"minecraft:oak_leaves":19,"minecraft:deepslate":605},"minecraft:picked_up":{"minecraft:seagrass":4,"minecraft:crafting_table":1,"minecraft:chicken":1,"minecraft:leather_leggings":1,"minecraft:wooden_pickaxe":1,"minecraft:enchanted_book":1,"biomesoplenty:jacaranda_sapling":14,"minecraft:golden_shovel":1,"minecraft:amethyst_block":14,"minecraft:iron_axe":1,"minecraft:string":52,"minecraft:raw_copper":42,"minecraft:cooked_salmon":1,"minecraft:flint_and_steel":1,"biomesoplenty:tall_lavender":2,"minecraft:iron_shovel":1,"minecraft:glass_pane":40,"biomesoplenty:jacaranda_slab":17,"minecraft:cobbled_deepslate":793,"minecraft:spruce_planks":2,"minecraft:beef":17,"minecraft:calcite":4,"minecraft:iron_pickaxe":1,"minecraft:light_gray_wool":4,"minecraft:sugar_cane":133,"minecraft:chest":5,"minecraft:birch_sapling":6,"minecraft:furnace":3,"minecraft:egg":7,"minecraft:stone":3,"minecraft:stick":16,"minecraft:raw_iron":279,"minecraft:sandstone":24,"minecraft:torch":25,"minecraft:spruce_stairs":2,"minecraft:porkchop":6,"tombstone:grave_dust":7,"minecraft:diorite":15,"minecraft:carrot":1,"minecraft:redstone":38,"minecraft:dark_oak_planks":2,"minecraft:stone_shovel":1,"minecraft:stone_sword":1,"minecraft:arrow":10,"minecraft:rotten_flesh":21,"minecraft:cooked_cod":4,"biomesoplenty:jacaranda_log":361,"minecraft:shears":1,"minecraft:iron_block":12,"minecraft:obsidian":13,"minecraft:mutton":22,"minecraft:enchanting_table":1,"minecraft:rail":2,"minecraft:white_wool":16,"minecraft:cobblestone":1034,"minecraft:birch_log":47,"biomesoplenty:lavender":37,"minecraft:feather":2,"minecraft:andesite":87,"minecraft:brown_wool":6,"minecraft:leather":20,"securitycraft:keypad_chest":2,"biomesoplenty:jacaranda_door":1,"minecraft:potato":6,"minecraft:birch_planks":15,"minecraft:filled_map":3,"minecraft:flint":2,"minecraft:tuff":346,"minecraft:oak_log":65,"biomesoplenty:jacaranda_planks":178,"minecraft:yellow_bed":8,"minecraft:gunpowder":2,"minecraft:paper":34,"minecraft:lapis_lazuli":112,"minecraft:dirt":279,"minecraft:glass":5,"minecraft:coast_armor_trim_smithing_template":4,"minecraft:bone":15,"minecraft:apple":1,"minecraft:wheat_seeds":44,"minecraft:stone_pickaxe":1,"minecraft:raw_gold":20,"minecraft:iron_ingot":7,"minecraft:purple_stained_glass_pane":34,"minecraft:moss_block":2,"minecraft:iron_sword":1,"minecraft:oak_planks":5,"minecraft:book":1,"minecraft:smooth_basalt":4,"minecraft:cooked_porkchop":3,"minecraft:birch_boat":2,"tombstone:scroll_of_feather_fall":1,"minecraft:raw_iron_block":2,"minecraft:gravel":7,"minecraft:sand":353,"minecraft:amethyst_shard":8,"minecraft:blast_furnace":1,"minecraft:ink_sac":2,"minecraft:white_bed":4,"minecraft:spider_eye":4,"minecraft:bundle":1,"minecraft:diamond":9,"minecraft:stone_axe":1,"vanillaplustools:stone_hammer":1,"minecraft:granite":68,"tombstone:magic_scroll":2,"minecraft:oak_sapling":28,"minecraft:coal":272}},"DataVersion":3463}