{"stats":{"minecraft:custom":{"minecraft:interact_with_furnace":16,"minecraft:mob_kills":27,"minecraft:interact_with_crafting_table":18,"minecraft:leave_game":3,"minecraft:time_since_death":48604,"minecraft:sleep_in_bed":3,"minecraft:time_since_rest":11647,"minecraft:sprint_one_cm":61680,"minecraft:damage_taken":325,"minecraft:walk_one_cm":176325,"minecraft:damage_dealt":2913,"minecraft:swim_one_cm":23052,"minecraft:talked_to_villager":2,"minecraft:fly_one_cm":53943,"minecraft:open_chest":17,"minecraft:crouch_one_cm":461,"minecraft:play_time":48604,"tombstone:undead_killed":3,"minecraft:sneak_time":149,"minecraft:walk_under_water_one_cm":7527,"minecraft:jump":529,"minecraft:walk_on_water_one_cm":12810,"minecraft:total_world_time":48604,"minecraft:fall_one_cm":10603},"minecraft:killed":{"minecraft:pig":2,"minecraft:spider":1,"minecraft:creeper":1,"minecraft:sheep":11,"minecraft:zombie":3,"minecraft:chicken":1,"minecraft:cow":7},"minecraft:used":{"minecraft:stone_pickaxe":76,"minecraft:stone_shovel":154,"minecraft:oak_planks":180,"minecraft:chest":2,"minecraft:wooden_pickaxe":31,"vanillaplustools:stone_hammer":26,"minecraft:torch":3,"minecraft:dirt":20,"minecraft:sand":17,"minecraft:crafting_table":1,"minecraft:white_bed":2,"minecraft:apple":1,"minecraft:stone_axe":129,"minecraft:furnace":2,"minecraft:cooked_porkchop":1,"minecraft:yellow_bed":5,"minecraft:egg":2,"minecraft:cooked_beef":3},"minecraft:broken":{"minecraft:stone_axe":1,"minecraft:stone_shovel":1},"minecraft:crafted":{"minecraft:cooked_beef":13,"minecraft:oak_planks":228,"minecraft:stone_shovel":2,"biomesoplenty:jacaranda_planks":112,"vanillaplustools:stone_hammer":1,"minecraft:cooked_porkchop":6,"minecraft:crafting_table":1,"minecraft:wooden_pickaxe":1,"minecraft:cooked_chicken":1,"minecraft:furnace":2,"minecraft:birch_planks":48,"minecraft:stone_axe":2,"minecraft:air":0,"minecraft:stick":104,"minecraft:stone_pickaxe":10,"minecraft:chest":2,"minecraft:torch":8},"minecraft:mined":{"biomesoplenty:jacaranda_leaves":7,"minecraft:white_bed":2,"minecraft:torch":1,"minecraft:granite":28,"minecraft:grass_block":9,"minecraft:tall_grass":3,"minecraft:lapis_ore":3,"minecraft:oak_planks":4,"minecraft:diorite":1,"minecraft:wall_torch":2,"biomesoplenty:jacaranda_log":29,"biomesoplenty:tall_lavender":1,"minecraft:birch_log":12,"minecraft:iron_ore":25,"biomesoplenty:lavender":8,"minecraft:andesite":2,"minecraft:yellow_bed":4,"minecraft:grass":15,"minecraft:oak_log":57,"minecraft:coal_ore":54,"minecraft:dirt_path":2,"minecraft:sand":156,"minecraft:dirt":14,"minecraft:stone":118,"minecraft:oak_leaves":15},"minecraft:picked_up":{"minecraft:birch_log":12,"biomesoplenty:lavender":8,"minecraft:feather":1,"minecraft:chicken":1,"minecraft:andesite":2,"minecraft:leather":7,"minecraft:brown_wool":3,"minecraft:oak_log":57,"minecraft:yellow_bed":6,"minecraft:gunpowder":1,"minecraft:lapis_lazuli":19,"minecraft:dirt":25,"biomesoplenty:tall_lavender":1,"minecraft:apple":1,"minecraft:wheat_seeds":4,"minecraft:beef":13,"minecraft:light_gray_wool":2,"minecraft:birch_sapling":3,"minecraft:oak_planks":4,"minecraft:egg":4,"minecraft:stick":14,"minecraft:raw_iron":23,"minecraft:torch":3,"minecraft:porkchop":6,"minecraft:sand":169,"minecraft:diorite":1,"minecraft:white_bed":3,"minecraft:rotten_flesh":2,"biomesoplenty:jacaranda_log":28,"minecraft:granite":29,"minecraft:oak_sapling":14,"minecraft:mutton":16,"minecraft:coal":55,"minecraft:white_wool":6,"minecraft:cobblestone":97}},"DataVersion":3463}