{"stats":{"minecraft:killed":{"minecraft:cave_spider":6,"minecraft:spider":3,"minecraft:skeleton":23,"minecraft:chicken":2,"minecraft:turtle":1,"minecraft:wolf":1,"minecraft:pig":9,"minecraft:zombie_villager":2,"minecraft:creeper":9,"minecraft:sheep":18,"minecraft:pillager":2,"minecraft:donkey":3,"minecraft:zombie":29,"minecraft:glow_squid":2,"minecraft:cow":11,"minecraft:horse":16},"minecraft:custom":{"minecraft:animals_bred":7,"minecraft:interact_with_crafting_table":106,"minecraft:leave_game":11,"minecraft:time_since_death":417353,"minecraft:sprint_one_cm":1231210,"minecraft:drop":66,"minecraft:talked_to_villager":2,"minecraft:play_time":548544,"minecraft:deaths":1,"minecraft:jump":7622,"minecraft:walk_on_water_one_cm":134398,"minecraft:interact_with_furnace":153,"minecraft:sleep_in_bed":24,"minecraft:damage_dealt":22764,"minecraft:crouch_one_cm":34354,"tombstone:undead_killed":54,"minecraft:horse_one_cm":18276,"minecraft:mob_kills":141,"minecraft:inspect_hopper":2,"minecraft:walk_one_cm":1525865,"minecraft:sneak_time":12169,"minecraft:walk_under_water_one_cm":83105,"minecraft:boat_one_cm":276144,"minecraft:interact_with_blast_furnace":29,"minecraft:total_world_time":548544,"tombstone:raider_killed":2,"minecraft:tune_noteblock":4234,"minecraft:raid_trigger":1,"minecraft:time_since_rest":82802,"minecraft:damage_taken":4188,"minecraft:swim_one_cm":208750,"minecraft:fly_one_cm":1175096,"minecraft:open_chest":286,"minecraft:fish_caught":19,"minecraft:fall_one_cm":174364},"minecraft:mined":{"minecraft:dark_oak_planks":1,"minecraft:spruce_planks":1,"minecraft:white_bed":2,"minecraft:obsidian":17,"minecraft:granite":38,"minecraft:budding_amethyst":2,"minecraft:grass_block":180,"biomesoplenty:jacaranda_stairs":7,"minecraft:purple_stained_glass_pane":5,"minecraft:hopper":1,"minecraft:magma_block":3,"minecraft:raw_iron_block":2,"biomesoplenty:tall_lavender":7,"minecraft:iron_ore":96,"minecraft:cobbled_deepslate":1,"biomesoplenty:lavender":238,"minecraft:deepslate_lapis_ore":8,"minecraft:dirt_path":2,"minecraft:white_banner":1,"biomesoplenty:jacaranda_leaves":98,"minecraft:deepslate_redstone_ore":47,"biomesoplenty:jacaranda_planks":61,"biomesoplenty:jacaranda_slab":32,"minecraft:amethyst_cluster":1,"minecraft:torch":16,"minecraft:blast_furnace":1,"minecraft:calcite":10,"minecraft:chest":5,"minecraft:cobblestone":8,"minecraft:sugar_cane":147,"minecraft:oak_planks":4,"minecraft:wall_torch":12,"minecraft:amethyst_block":13,"minecraft:birch_log":53,"minecraft:wheat":79,"minecraft:grass":299,"minecraft:oak_log":512,"minecraft:sand":242,"minecraft:dirt":170,"minecraft:smooth_basalt":13,"minecraft:oak_leaves":74,"minecraft:deepslate":639,"minecraft:tuff":287,"minecraft:deepslate_diamond_ore":13,"biomesoplenty:bush":4,"minecraft:sandstone":25,"biomesoplenty:jacaranda_log":268,"minecraft:redstone_ore":5,"minecraft:furnace":3,"minecraft:andesite":110,"biomesoplenty:sea_oats":1,"minecraft:bookshelf":2,"minecraft:potatoes":31,"minecraft:deepslate_iron_ore":197,"minecraft:rail":1,"biomesoplenty:spider_egg":1,"minecraft:stone":1027,"minecraft:podzol":3,"minecraft:crafting_table":1,"minecraft:tall_grass":32,"minecraft:copper_ore":6,"biomesoplenty:huge_clover_petal":4,"minecraft:lapis_ore":6,"minecraft:deepslate_gold_ore":14,"minecraft:diorite":15,"minecraft:spruce_stairs":1,"minecraft:birch_planks":1,"minecraft:birch_leaves":3,"minecraft:bee_nest":1,"minecraft:yellow_bed":8,"minecraft:coal_ore":261,"minecraft:gravel":6,"minecraft:cobweb":23},"minecraft:broken":{"vanillaplustools:iron_hammer":1,"minecraft:golden_shovel":1,"minecraft:stone_axe":1,"minecraft:stone_shovel":1,"minecraft:iron_axe":4,"minecraft:iron_pickaxe":2},"minecraft:picked_up":{"minecraft:seagrass":4,"minecraft:wheat":60,"minecraft:enchanted_book":1,"minecraft:golden_shovel":1,"minecraft:amethyst_block":14,"minecraft:string":52,"minecraft:raw_copper":42,"minecraft:cooked_salmon":1,"biomesoplenty:tall_lavender":4,"minecraft:cobbled_deepslate":835,"minecraft:spruce_planks":2,"minecraft:bucket":1,"minecraft:calcite":4,"minecraft:iron_pickaxe":1,"minecraft:furnace":3,"minecraft:stick":35,"minecraft:torch":56,"minecraft:spruce_stairs":2,"minecraft:porkchop":19,"tombstone:grave_dust":11,"minecraft:diorite":15,"minecraft:stone_sword":1,"minecraft:rotten_flesh":29,"minecraft:iron_block":12,"minecraft:obsidian":16,"minecraft:cobblestone":1181,"minecraft:enchanting_table":1,"biomesoplenty:lavender":201,"minecraft:birch_log":53,"minecraft:feather":4,"minecraft:andesite":97,"minecraft:brown_wool":6,"minecraft:potato":110,"minecraft:flint":2,"minecraft:tuff":346,"minecraft:dirt":348,"minecraft:lapis_lazuli":137,"minecraft:bone":22,"minecraft:glass":5,"minecraft:bow":1,"minecraft:wheat_seeds":227,"minecraft:raw_gold":24,"minecraft:purple_stained_glass_pane":34,"minecraft:moss_block":2,"minecraft:oak_planks":5,"minecraft:cooked_porkchop":3,"minecraft:sand":388,"tombstone:scroll_of_feather_fall":1,"minecraft:ink_sac":2,"minecraft:bundle":1,"minecraft:diamond":18,"minecraft:granite":68,"minecraft:oak_sapling":41,"minecraft:fishing_rod":1,"minecraft:crafting_table":1,"minecraft:chicken":2,"minecraft:leather_leggings":1,"minecraft:wooden_pickaxe":1,"biomesoplenty:jacaranda_sapling":15,"minecraft:iron_axe":1,"minecraft:flint_and_steel":1,"minecraft:iron_shovel":1,"minecraft:glass_pane":40,"biomesoplenty:jacaranda_slab":38,"minecraft:beef":19,"minecraft:light_gray_wool":6,"minecraft:chest":5,"minecraft:sugar_cane":275,"minecraft:birch_sapling":7,"minecraft:egg":12,"minecraft:raw_iron":303,"minecraft:sandstone":24,"minecraft:stone":3,"minecraft:carrot":1,"minecraft:redstone":225,"minecraft:dark_oak_planks":2,"minecraft:cooked_cod":4,"minecraft:arrow":24,"minecraft:stone_shovel":1,"biomesoplenty:jacaranda_log":362,"biomesoplenty:jacaranda_stairs":7,"minecraft:shears":1,"minecraft:mutton":36,"minecraft:white_wool":23,"minecraft:rail":2,"minecraft:glow_ink_sac":14,"minecraft:leather":65,"minecraft:filled_map":3,"minecraft:birch_planks":15,"biomesoplenty:jacaranda_door":1,"minecraft:oak_log":514,"biomesoplenty:jacaranda_planks":201,"securitycraft:keypad_chest":2,"minecraft:yellow_bed":10,"minecraft:gunpowder":3,"minecraft:paper":34,"minecraft:white_banner":2,"minecraft:coast_armor_trim_smithing_template":4,"minecraft:apple":2,"minecraft:iron_ingot":7,"minecraft:stone_pickaxe":1,"minecraft:iron_sword":1,"minecraft:book":7,"minecraft:smooth_basalt":4,"minecraft:birch_boat":2,"minecraft:raw_iron_block":2,"minecraft:gravel":7,"minecraft:amethyst_shard":8,"minecraft:blast_furnace":1,"minecraft:white_bed":4,"biomesoplenty:jacaranda_leaves":69,"minecraft:spider_eye":4,"minecraft:stone_axe":1,"vanillaplustools:stone_hammer":1,"tombstone:magic_scroll":2,"minecraft:coal":344,"minecraft:hopper":1},"minecraft:used":{"minecraft:iron_shovel":231,"minecraft:chest":16,"minecraft:rotten_flesh":4,"minecraft:mutton":7,"securitycraft:keypad_item":2,"minecraft:tuff":50,"minecraft:obsidian":10,"minecraft:bow":14,"minecraft:furnace":6,"minecraft:cooked_cod":2,"minecraft:egg":9,"minecraft:potato":76,"minecraft:diorite":3,"minecraft:stone_pickaxe":76,"minecraft:oak_planks":181,"minecraft:wooden_pickaxe":31,"minecraft:sandstone":24,"minecraft:sugar_cane":38,"minecraft:glow_berries":11,"minecraft:sand":35,"minecraft:blast_furnace":2,"securitycraft:universal_block_remover":2,"minecraft:note_block":1,"minecraft:shears":70,"biomesoplenty:jacaranda_planks":568,"minecraft:heavy_weighted_pressure_plate":1,"minecraft:bread":8,"biomesoplenty:jacaranda_leaves":18,"minecraft:oak_fence":1,"minecraft:enchanting_table":1,"minecraft:stone_sword":23,"minecraft:flint_and_steel":1,"minecraft:stone_shovel":157,"securitycraft:keypad_chest":2,"vanillaplustools:stone_hammer":35,"minecraft:cooked_salmon":1,"minecraft:stone_hoe":87,"minecraft:cooked_chicken":1,"minecraft:torch":78,"minecraft:dirt":333,"minecraft:hopper":2,"minecraft:golden_shovel":66,"minecraft:granite":1,"biomesoplenty:jacaranda_slab":260,"minecraft:purple_stained_glass_pane":141,"minecraft:bookshelf":17,"minecraft:iron_axe":1397,"biomesoplenty:jacaranda_log":88,"biomesoplenty:jacaranda_stairs":31,"minecraft:iron_trapdoor":1,"tombstone:gift":1,"minecraft:cooked_beef":17,"minecraft:cobbled_deepslate":54,"minecraft:wheat_seeds":119,"minecraft:cooked_mutton":25,"biomesoplenty:jacaranda_door":2,"minecraft:water_bucket":85,"minecraft:birch_planks":127,"minecraft:bundle":1,"minecraft:baked_potato":7,"minecraft:birch_boat":2,"minecraft:crafting_table":2,"minecraft:white_bed":3,"minecraft:oak_log":5,"minecraft:diamond_pickaxe":159,"minecraft:apple":2,"minecraft:chicken":1,"minecraft:iron_pickaxe":616,"minecraft:stone_axe":132,"minecraft:fishing_rod":710,"minecraft:cobblestone":181,"vanillaplustools:iron_hammer":248,"minecraft:cooked_porkchop":13,"minecraft:porkchop":3,"minecraft:bucket":85,"minecraft:yellow_bed":10},"minecraft:crafted":{"minecraft:oak_planks":444,"minecraft:smooth_stone":3,"minecraft:cooked_chicken":1,"minecraft:stone":31,"securitycraft:keypad_item":3,"minecraft:bookshelf":17,"minecraft:heavy_weighted_pressure_plate":4,"minecraft:cooked_mutton":25,"minecraft:glass":88,"minecraft:hopper":1,"vanillaplustools:iron_hammer":1,"minecraft:iron_boots":1,"minecraft:chest":12,"minecraft:stone_hoe":1,"minecraft:oak_fence":3,"biomesoplenty:jacaranda_stairs":32,"minecraft:cooked_porkchop":13,"biomesoplenty:jacaranda_planks":696,"minecraft:crafting_table":1,"minecraft:wooden_pickaxe":1,"minecraft:baked_potato":9,"minecraft:iron_helmet":1,"minecraft:birch_planks":188,"biomesoplenty:jacaranda_slab":270,"minecraft:iron_chestplate":1,"minecraft:book":47,"minecraft:paper":147,"minecraft:diamond_pickaxe":1,"minecraft:purple_dye":51,"minecraft:shield":2,"minecraft:stick":128,"minecraft:iron_ingot":244,"minecraft:iron_pickaxe":12,"minecraft:iron_block":12,"minecraft:stone_sword":1,"minecraft:shears":2,"minecraft:stone_shovel":2,"vanillaplustools:stone_hammer":1,"minecraft:furnace":4,"minecraft:stone_button":28,"minecraft:blast_furnace":1,"minecraft:glass_pane":144,"minecraft:iron_axe":10,"securitycraft:universal_block_remover":1,"minecraft:stone_pickaxe":10,"biomesoplenty:jacaranda_door":3,"minecraft:cooked_beef":19,"minecraft:purple_stained_glass_pane":144,"minecraft:iron_trapdoor":1,"minecraft:enchanting_table":1,"minecraft:iron_sword":1,"minecraft:bucket":1,"minecraft:stone_axe":2,"minecraft:bread":5,"minecraft:air":0,"minecraft:iron_shovel":1,"minecraft:iron_leggings":1,"minecraft:note_block":1,"minecraft:torch":44},"minecraft:dropped":{"minecraft:dirt":1,"minecraft:mutton":1,"minecraft:coast_armor_trim_smithing_template":2,"minecraft:seagrass":2,"minecraft:white_wool":4,"minecraft:gravel":1,"minecraft:sugar_cane":14,"minecraft:cobbled_deepslate":3,"minecraft:birch_sapling":1,"minecraft:rotten_flesh":1,"minecraft:wheat_seeds":8,"biomesoplenty:lavender":28,"minecraft:cobblestone":67,"minecraft:granite":9,"minecraft:stick":46,"minecraft:torch":22,"minecraft:bucket":1,"minecraft:cocoa_beans":8,"minecraft:tuff":1,"minecraft:raw_iron":64,"minecraft:pumpkin_seeds":3,"minecraft:filled_map":1,"minecraft:bundle":1,"minecraft:andesite":69}},"DataVersion":3463}