{"stats":{"minecraft:custom":{"minecraft:interact_with_furnace":29,"minecraft:mob_kills":34,"minecraft:interact_with_crafting_table":25,"minecraft:leave_game":4,"minecraft:time_since_death":60461,"minecraft:sleep_in_bed":4,"minecraft:time_since_rest":8457,"minecraft:sprint_one_cm":88302,"minecraft:damage_taken":568,"minecraft:walk_one_cm":205139,"minecraft:damage_dealt":3685,"minecraft:swim_one_cm":27239,"minecraft:talked_to_villager":2,"minecraft:fly_one_cm":66161,"minecraft:open_chest":23,"minecraft:crouch_one_cm":461,"minecraft:play_time":60461,"tombstone:undead_killed":6,"minecraft:sneak_time":154,"minecraft:walk_under_water_one_cm":8930,"minecraft:jump":735,"minecraft:walk_on_water_one_cm":16767,"minecraft:total_world_time":60461,"minecraft:fall_one_cm":14078},"minecraft:killed":{"minecraft:cave_spider":4,"minecraft:pig":2,"minecraft:zombie_villager":1,"minecraft:spider":1,"minecraft:creeper":1,"minecraft:skeleton":2,"minecraft:sheep":11,"minecraft:zombie":3,"minecraft:chicken":1,"minecraft:cow":7},"minecraft:used":{"minecraft:stone_sword":23,"minecraft:stone_pickaxe":76,"minecraft:stone_shovel":157,"minecraft:oak_planks":180,"minecraft:chest":2,"minecraft:wooden_pickaxe":31,"vanillaplustools:stone_hammer":35,"minecraft:cooked_chicken":1,"minecraft:torch":8,"minecraft:dirt":20,"minecraft:sand":17,"minecraft:crafting_table":1,"minecraft:white_bed":2,"minecraft:apple":1,"minecraft:iron_axe":23,"minecraft:iron_pickaxe":13,"minecraft:stone_axe":132,"minecraft:furnace":2,"minecraft:cooked_porkchop":3,"minecraft:yellow_bed":5,"minecraft:egg":4,"minecraft:cooked_beef":3},"minecraft:broken":{"minecraft:stone_axe":1,"minecraft:stone_shovel":1},"minecraft:crafted":{"minecraft:cooked_beef":13,"minecraft:oak_planks":228,"minecraft:stone_shovel":2,"biomesoplenty:jacaranda_planks":112,"vanillaplustools:stone_hammer":1,"minecraft:cooked_porkchop":6,"minecraft:crafting_table":1,"minecraft:iron_helmet":1,"minecraft:wooden_pickaxe":1,"minecraft:cooked_chicken":1,"minecraft:furnace":2,"minecraft:birch_planks":48,"minecraft:stone_axe":2,"minecraft:cooked_mutton":16,"minecraft:air":0,"minecraft:iron_chestplate":1,"minecraft:iron_boots":1,"minecraft:iron_axe":1,"minecraft:stick":104,"minecraft:iron_ingot":23,"minecraft:iron_pickaxe":1,"minecraft:stone_pickaxe":10,"minecraft:stone_sword":1,"minecraft:chest":2,"minecraft:torch":8},"minecraft:mined":{"biomesoplenty:jacaranda_leaves":7,"minecraft:white_bed":2,"minecraft:torch":1,"minecraft:granite":28,"minecraft:grass_block":12,"minecraft:tall_grass":3,"minecraft:lapis_ore":3,"minecraft:oak_planks":4,"minecraft:diorite":1,"minecraft:wall_torch":2,"biomesoplenty:jacaranda_log":29,"biomesoplenty:tall_lavender":1,"minecraft:birch_log":12,"minecraft:iron_ore":29,"biomesoplenty:lavender":8,"minecraft:andesite":5,"minecraft:yellow_bed":4,"minecraft:grass":15,"minecraft:oak_log":57,"minecraft:coal_ore":61,"minecraft:dirt_path":2,"minecraft:sand":156,"minecraft:dirt":16,"minecraft:cobweb":23,"minecraft:stone":122,"minecraft:oak_leaves":15},"minecraft:picked_up":{"minecraft:birch_log":12,"biomesoplenty:lavender":8,"minecraft:feather":1,"minecraft:chicken":1,"minecraft:andesite":5,"minecraft:leather":7,"minecraft:brown_wool":3,"minecraft:oak_log":57,"minecraft:yellow_bed":6,"minecraft:gunpowder":1,"minecraft:string":26,"minecraft:lapis_lazuli":19,"minecraft:dirt":30,"biomesoplenty:tall_lavender":1,"minecraft:bone":1,"minecraft:apple":1,"minecraft:wheat_seeds":4,"minecraft:beef":13,"minecraft:light_gray_wool":2,"minecraft:birch_sapling":3,"minecraft:oak_planks":4,"minecraft:egg":4,"minecraft:stick":14,"minecraft:raw_iron":29,"minecraft:torch":3,"minecraft:porkchop":6,"minecraft:sand":169,"minecraft:diorite":1,"minecraft:white_bed":3,"minecraft:spider_eye":2,"minecraft:arrow":1,"minecraft:rotten_flesh":2,"biomesoplenty:jacaranda_log":28,"minecraft:granite":29,"tombstone:magic_scroll":1,"minecraft:oak_sapling":14,"minecraft:mutton":16,"minecraft:coal":59,"minecraft:white_wool":6,"minecraft:cobblestone":107}},"DataVersion":3463}