{"stats":{"minecraft:killed":{"minecraft:cave_spider":6,"minecraft:spider":3,"minecraft:horse":14,"minecraft:skeleton":23,"minecraft:chicken":2,"minecraft:turtle":1,"minecraft:wolf":1,"minecraft:pig":8,"minecraft:zombie_villager":2,"minecraft:creeper":9,"minecraft:sheep":17,"minecraft:pillager":2,"minecraft:zombie":29,"minecraft:donkey":3,"minecraft:glow_squid":2,"minecraft:cow":10},"minecraft:custom":{"minecraft:mob_kills":136,"minecraft:animals_bred":2,"minecraft:interact_with_crafting_table":92,"minecraft:leave_game":11,"minecraft:time_since_death":333353,"minecraft:walk_one_cm":1400418,"minecraft:sprint_one_cm":1109289,"minecraft:drop":65,"minecraft:talked_to_villager":2,"minecraft:play_time":464544,"minecraft:sneak_time":10881,"minecraft:deaths":1,"minecraft:walk_under_water_one_cm":81823,"minecraft:boat_one_cm":276144,"minecraft:jump":7180,"minecraft:interact_with_blast_furnace":24,"minecraft:walk_on_water_one_cm":126019,"minecraft:total_world_time":464544,"minecraft:interact_with_furnace":138,"tombstone:raider_killed":2,"minecraft:raid_trigger":1,"minecraft:sleep_in_bed":24,"minecraft:time_since_rest":0,"minecraft:damage_taken":3975,"minecraft:damage_dealt":21677,"minecraft:swim_one_cm":202201,"minecraft:fly_one_cm":1054743,"minecraft:open_chest":244,"minecraft:crouch_one_cm":32896,"tombstone:undead_killed":54,"minecraft:fall_one_cm":166821,"minecraft:horse_one_cm":18276},"minecraft:mined":{"minecraft:dark_oak_planks":1,"minecraft:tuff":287,"minecraft:spruce_planks":1,"minecraft:white_bed":2,"minecraft:deepslate_diamond_ore":13,"minecraft:obsidian":17,"minecraft:budding_amethyst":2,"minecraft:granite":38,"biomesoplenty:bush":4,"minecraft:grass_block":180,"minecraft:purple_stained_glass_pane":5,"biomesoplenty:jacaranda_stairs":7,"minecraft:sandstone":25,"minecraft:raw_iron_block":2,"biomesoplenty:jacaranda_log":268,"minecraft:redstone_ore":5,"minecraft:magma_block":3,"biomesoplenty:tall_lavender":7,"minecraft:furnace":3,"minecraft:cobbled_deepslate":1,"minecraft:iron_ore":96,"biomesoplenty:lavender":238,"minecraft:andesite":110,"minecraft:deepslate_lapis_ore":8,"biomesoplenty:sea_oats":1,"minecraft:potatoes":16,"minecraft:dirt_path":2,"minecraft:deepslate_iron_ore":197,"minecraft:rail":1,"minecraft:stone":1027,"biomesoplenty:spider_egg":1,"minecraft:podzol":3,"biomesoplenty:jacaranda_leaves":98,"minecraft:deepslate_redstone_ore":47,"biomesoplenty:jacaranda_planks":61,"biomesoplenty:jacaranda_slab":32,"minecraft:amethyst_cluster":1,"minecraft:torch":16,"minecraft:crafting_table":1,"minecraft:blast_furnace":1,"minecraft:calcite":10,"minecraft:chest":5,"minecraft:copper_ore":6,"minecraft:tall_grass":31,"minecraft:cobblestone":8,"minecraft:deepslate_gold_ore":14,"minecraft:lapis_ore":6,"biomesoplenty:huge_clover_petal":4,"minecraft:oak_planks":4,"minecraft:sugar_cane":113,"minecraft:wall_torch":11,"minecraft:diorite":15,"minecraft:amethyst_block":13,"minecraft:spruce_stairs":1,"minecraft:birch_planks":1,"minecraft:birch_log":53,"minecraft:wheat":41,"minecraft:birch_leaves":3,"minecraft:bee_nest":1,"minecraft:yellow_bed":8,"minecraft:grass":297,"minecraft:coal_ore":261,"minecraft:oak_log":94,"minecraft:gravel":6,"minecraft:sand":239,"minecraft:dirt":165,"minecraft:cobweb":23,"minecraft:smooth_basalt":13,"minecraft:oak_leaves":22,"minecraft:deepslate":639},"minecraft:broken":{"vanillaplustools:iron_hammer":1,"minecraft:golden_shovel":1,"minecraft:iron_axe":2,"minecraft:stone_axe":1,"minecraft:iron_pickaxe":2,"minecraft:stone_shovel":1},"minecraft:picked_up":{"minecraft:seagrass":4,"minecraft:crafting_table":1,"minecraft:wheat":35,"minecraft:chicken":2,"minecraft:leather_leggings":1,"minecraft:wooden_pickaxe":1,"minecraft:enchanted_book":1,"biomesoplenty:jacaranda_sapling":15,"minecraft:golden_shovel":1,"minecraft:amethyst_block":14,"minecraft:string":52,"minecraft:cooked_salmon":1,"minecraft:raw_copper":42,"minecraft:iron_axe":1,"minecraft:flint_and_steel":1,"biomesoplenty:tall_lavender":4,"minecraft:iron_shovel":1,"minecraft:glass_pane":40,"biomesoplenty:jacaranda_slab":38,"minecraft:cobbled_deepslate":835,"minecraft:bucket":1,"minecraft:spruce_planks":2,"minecraft:beef":17,"minecraft:calcite":4,"minecraft:iron_pickaxe":1,"minecraft:light_gray_wool":5,"minecraft:sugar_cane":217,"minecraft:chest":5,"minecraft:birch_sapling":7,"minecraft:furnace":3,"minecraft:egg":12,"minecraft:raw_iron":303,"minecraft:stick":25,"minecraft:sandstone":24,"minecraft:stone":3,"minecraft:torch":55,"minecraft:spruce_stairs":2,"minecraft:porkchop":18,"tombstone:grave_dust":11,"minecraft:diorite":15,"minecraft:carrot":1,"minecraft:redstone":225,"minecraft:dark_oak_planks":2,"minecraft:stone_sword":1,"minecraft:arrow":24,"minecraft:stone_shovel":1,"minecraft:rotten_flesh":29,"minecraft:cooked_cod":4,"biomesoplenty:jacaranda_log":362,"biomesoplenty:jacaranda_stairs":7,"minecraft:shears":1,"minecraft:iron_block":12,"minecraft:mutton":34,"minecraft:obsidian":16,"minecraft:rail":2,"minecraft:white_wool":23,"minecraft:cobblestone":1181,"minecraft:birch_log":53,"biomesoplenty:lavender":201,"minecraft:enchanting_table":1,"minecraft:feather":4,"minecraft:glow_ink_sac":14,"minecraft:andesite":97,"minecraft:leather":39,"minecraft:brown_wool":6,"minecraft:birch_planks":15,"minecraft:potato":49,"minecraft:filled_map":3,"biomesoplenty:jacaranda_door":1,"minecraft:flint":2,"minecraft:tuff":346,"minecraft:oak_log":98,"minecraft:yellow_bed":10,"securitycraft:keypad_chest":2,"biomesoplenty:jacaranda_planks":201,"minecraft:gunpowder":3,"minecraft:lapis_lazuli":137,"minecraft:dirt":342,"minecraft:paper":34,"minecraft:white_banner":1,"minecraft:coast_armor_trim_smithing_template":4,"minecraft:glass":5,"minecraft:bone":22,"minecraft:apple":2,"minecraft:bow":1,"minecraft:wheat_seeds":142,"minecraft:raw_gold":24,"minecraft:iron_ingot":7,"minecraft:stone_pickaxe":1,"minecraft:purple_stained_glass_pane":34,"minecraft:moss_block":2,"minecraft:iron_sword":1,"minecraft:oak_planks":5,"minecraft:book":1,"minecraft:smooth_basalt":4,"minecraft:cooked_porkchop":3,"minecraft:birch_boat":2,"minecraft:raw_iron_block":2,"tombstone:scroll_of_feather_fall":1,"minecraft:gravel":7,"minecraft:sand":386,"minecraft:amethyst_shard":8,"minecraft:ink_sac":2,"minecraft:blast_furnace":1,"minecraft:white_bed":4,"biomesoplenty:jacaranda_leaves":69,"minecraft:spider_eye":4,"minecraft:bundle":1,"minecraft:diamond":18,"minecraft:stone_axe":1,"minecraft:granite":68,"vanillaplustools:stone_hammer":1,"tombstone:magic_scroll":2,"minecraft:oak_sapling":34,"minecraft:coal":344},"minecraft:used":{"minecraft:stone_sword":23,"minecraft:iron_shovel":231,"minecraft:flint_and_steel":1,"securitycraft:keypad_chest":2,"minecraft:stone_shovel":157,"minecraft:chest":14,"minecraft:rotten_flesh":4,"minecraft:cooked_salmon":1,"vanillaplustools:stone_hammer":35,"minecraft:cooked_chicken":1,"minecraft:stone_hoe":87,"minecraft:torch":76,"minecraft:dirt":330,"minecraft:mutton":7,"securitycraft:keypad_item":2,"minecraft:golden_shovel":66,"minecraft:tuff":50,"biomesoplenty:jacaranda_slab":260,"minecraft:granite":1,"minecraft:obsidian":10,"minecraft:purple_stained_glass_pane":141,"minecraft:iron_axe":905,"biomesoplenty:jacaranda_log":88,"biomesoplenty:jacaranda_stairs":31,"minecraft:bow":14,"minecraft:furnace":6,"minecraft:cooked_cod":2,"minecraft:egg":9,"tombstone:gift":1,"minecraft:potato":50,"minecraft:cooked_beef":17,"minecraft:cobbled_deepslate":54,"minecraft:cooked_mutton":23,"minecraft:wheat_seeds":91,"minecraft:water_bucket":84,"biomesoplenty:jacaranda_door":2,"minecraft:baked_potato":2,"minecraft:diorite":3,"minecraft:birch_planks":127,"minecraft:oak_planks":180,"minecraft:stone_pickaxe":76,"minecraft:wooden_pickaxe":31,"minecraft:birch_boat":2,"minecraft:bundle":1,"minecraft:sandstone":24,"minecraft:sugar_cane":38,"minecraft:glow_berries":11,"minecraft:sand":35,"minecraft:white_bed":3,"minecraft:crafting_table":2,"minecraft:blast_furnace":2,"biomesoplenty:jacaranda_planks":568,"securitycraft:universal_block_remover":2,"minecraft:shears":70,"minecraft:oak_log":5,"minecraft:diamond_pickaxe":159,"minecraft:apple":2,"minecraft:chicken":1,"minecraft:iron_pickaxe":615,"minecraft:bread":8,"minecraft:stone_axe":132,"minecraft:cobblestone":181,"vanillaplustools:iron_hammer":248,"minecraft:porkchop":3,"minecraft:cooked_porkchop":12,"minecraft:bucket":85,"minecraft:yellow_bed":10,"biomesoplenty:jacaranda_leaves":18},"minecraft:crafted":{"minecraft:smooth_stone":3,"minecraft:oak_planks":356,"minecraft:stone_shovel":2,"vanillaplustools:stone_hammer":1,"minecraft:cooked_chicken":1,"minecraft:furnace":4,"minecraft:stone_button":28,"minecraft:blast_furnace":1,"minecraft:stone":31,"securitycraft:keypad_item":3,"minecraft:bookshelf":7,"minecraft:heavy_weighted_pressure_plate":3,"minecraft:cooked_mutton":23,"minecraft:glass_pane":144,"minecraft:glass":88,"vanillaplustools:iron_hammer":1,"minecraft:iron_boots":1,"minecraft:iron_axe":6,"securitycraft:universal_block_remover":1,"minecraft:stone_pickaxe":10,"minecraft:chest":9,"biomesoplenty:jacaranda_door":3,"minecraft:stone_hoe":1,"biomesoplenty:jacaranda_stairs":32,"minecraft:cooked_beef":17,"minecraft:purple_stained_glass_pane":144,"biomesoplenty:jacaranda_planks":696,"minecraft:cooked_porkchop":12,"minecraft:crafting_table":1,"minecraft:enchanting_table":1,"minecraft:baked_potato":2,"minecraft:wooden_pickaxe":1,"minecraft:iron_helmet":1,"minecraft:iron_sword":1,"minecraft:bucket":1,"minecraft:birch_planks":188,"minecraft:stone_axe":2,"biomesoplenty:jacaranda_slab":270,"minecraft:bread":5,"minecraft:air":0,"minecraft:book":22,"minecraft:iron_chestplate":1,"minecraft:paper":144,"minecraft:diamond_pickaxe":1,"minecraft:purple_dye":51,"minecraft:stick":116,"minecraft:iron_ingot":213,"minecraft:iron_pickaxe":12,"minecraft:iron_block":12,"minecraft:stone_sword":1,"minecraft:iron_shovel":1,"minecraft:iron_leggings":1,"minecraft:torch":44,"minecraft:shears":2},"minecraft:dropped":{"minecraft:wheat_seeds":8,"biomesoplenty:lavender":28,"minecraft:cobblestone":67,"minecraft:granite":9,"minecraft:stick":46,"minecraft:torch":22,"minecraft:mutton":1,"minecraft:seagrass":2,"minecraft:coast_armor_trim_smithing_template":2,"minecraft:bucket":1,"minecraft:white_wool":4,"minecraft:gravel":1,"minecraft:cocoa_beans":8,"minecraft:sugar_cane":14,"minecraft:cobbled_deepslate":3,"minecraft:tuff":1,"minecraft:birch_sapling":1,"minecraft:raw_iron":64,"minecraft:rotten_flesh":1,"minecraft:pumpkin_seeds":3,"minecraft:filled_map":1,"minecraft:bundle":1,"minecraft:andesite":69}},"DataVersion":3463}