{"stats":{"minecraft:custom":{"minecraft:animals_bred":112,"minecraft:interact_with_crafting_table":177,"minecraft:leave_game":25,"minecraft:time_since_death":384975,"minecraft:sprint_one_cm":2308743,"minecraft:drop":136,"minecraft:talked_to_villager":8,"minecraft:play_time":1081284,"minecraft:deaths":2,"minecraft:jump":12817,"minecraft:interact_with_brewingstand":1,"minecraft:enchant_item":7,"minecraft:walk_on_water_one_cm":167507,"minecraft:interact_with_furnace":231,"minecraft:sleep_in_bed":35,"minecraft:waystone_activated":5,"minecraft:damage_dealt":33724,"minecraft:crouch_one_cm":58945,"tombstone:undead_killed":62,"tombstone:villager_killed":1,"minecraft:interact_with_smoker":86,"minecraft:horse_one_cm":25331,"minecraft:interact_with_anvil":3,"minecraft:mob_kills":205,"minecraft:inspect_hopper":7,"minecraft:climb_one_cm":659,"minecraft:walk_one_cm":2709908,"minecraft:sneak_time":19619,"minecraft:walk_under_water_one_cm":103345,"minecraft:boat_one_cm":595617,"minecraft:interact_with_blast_furnace":49,"minecraft:total_world_time":1081284,"tombstone:raider_killed":2,"minecraft:tune_noteblock":16057,"minecraft:raid_trigger":1,"minecraft:time_since_rest":4551,"minecraft:damage_taken":6953,"minecraft:swim_one_cm":247606,"minecraft:fly_one_cm":2090817,"minecraft:open_chest":665,"minecraft:fish_caught":67,"minecraft:fall_one_cm":267628},"minecraft:broken":{"minecraft:iron_shovel":3,"vanillaplustools:iron_hammer":1,"minecraft:golden_shovel":1,"minecraft:stone_axe":1,"minecraft:stone_shovel":1,"minecraft:stone_hoe":1,"minecraft:iron_axe":4,"minecraft:iron_pickaxe":4},"minecraft:dropped":{"minecraft:baked_potato":322,"minecraft:ender_pearl":3,"minecraft:warped_roots":3,"minecraft:dirt":1,"minecraft:mutton":1,"minecraft:seagrass":2,"minecraft:coast_armor_trim_smithing_template":2,"biomesoplenty:jacaranda_leaves":51,"minecraft:amethyst_shard":36,"minecraft:iron_pickaxe":1,"minecraft:white_wool":4,"minecraft:gravel":6,"minecraft:blackstone":19,"minecraft:sugar_cane":15,"minecraft:cobbled_deepslate":67,"minecraft:twisting_vines":3,"minecraft:birch_sapling":1,"minecraft:rotten_flesh":1,"waystones:warp_stone":1,"minecraft:quartz_block":96,"minecraft:netherrack":1087,"minecraft:iron_ingot":5,"minecraft:wheat_seeds":8,"minecraft:poisonous_potato":8,"biomesoplenty:lavender":28,"minecraft:cobblestone":67,"minecraft:granite":9,"minecraft:stick":46,"minecraft:iron_block":164,"minecraft:iron_trapdoor":32,"minecraft:torch":22,"minecraft:bucket":2,"minecraft:warped_nylium":2,"minecraft:cocoa_beans":8,"minecraft:tuff":1,"minecraft:raw_iron":64,"minecraft:pumpkin_seeds":3,"minecraft:filled_map":1,"minecraft:diamond_sword":1,"minecraft:bundle":1,"minecraft:diamond_pickaxe":3,"minecraft:andesite":69},"minecraft:crafted":{"minecraft:smooth_stone":3,"minecraft:oak_planks":1012,"minecraft:cooked_chicken":1,"waystones:waystone":1,"minecraft:stone":109,"minecraft:diamond_shovel":1,"securitycraft:keypad_item":6,"minecraft:bookshelf":18,"minecraft:heavy_weighted_pressure_plate":9,"minecraft:cooked_mutton":25,"securitycraft:laser_block":1,"minecraft:quartz_block":317,"minecraft:glass":120,"minecraft:hopper":1,"vanillaplustools:iron_hammer":1,"minecraft:diamond_helmet":1,"minecraft:diamond_leggings":1,"minecraft:iron_boots":1,"minecraft:chest":49,"minecraft:stone_hoe":1,"minecraft:stone_bricks":4,"minecraft:oak_fence":72,"biomesoplenty:jacaranda_stairs":32,"minecraft:golden_boots":1,"minecraft:smoker":4,"minecraft:oak_slab":6,"minecraft:item_frame":17,"biomesoplenty:jacaranda_planks":696,"minecraft:cooked_porkchop":13,"minecraft:diamond_axe":1,"minecraft:crafting_table":2,"minecraft:iron_helmet":1,"minecraft:wooden_pickaxe":1,"minecraft:baked_potato":1079,"waystones:warp_stone":1,"minecraft:birch_planks":188,"biomesoplenty:jacaranda_slab":270,"minecraft:tnt":6,"minecraft:iron_chestplate":1,"minecraft:book":54,"minecraft:paper":621,"minecraft:diamond_pickaxe":2,"minecraft:purple_dye":51,"minecraft:shield":2,"minecraft:stick":300,"minecraft:iron_ingot":354,"minecraft:iron_pickaxe":15,"minecraft:iron_block":223,"minecraft:stone_sword":1,"minecraft:gold_ingot":7,"minecraft:shears":2,"securitycraft:universal_block_reinforcer_lvl1":1,"minecraft:stone_shovel":2,"vanillaplustools:stone_hammer":1,"minecraft:furnace":8,"minecraft:stone_button":59,"minecraft:blast_furnace":1,"minecraft:white_carpet":3,"minecraft:glass_pane":160,"minecraft:oak_trapdoor":2,"minecraft:iron_axe":10,"securitycraft:universal_block_remover":1,"minecraft:iron_hoe":1,"minecraft:stone_pickaxe":10,"biomesoplenty:jacaranda_door":3,"minecraft:diamond_boots":1,"minecraft:redstone_block":1,"minecraft:dark_oak_planks":4,"minecraft:golden_helmet":1,"minecraft:cooked_beef":61,"minecraft:cooked_cod":40,"minecraft:purple_stained_glass_pane":152,"minecraft:diamond_sword":1,"minecraft:iron_trapdoor":67,"minecraft:enchanting_table":1,"minecraft:iron_sword":1,"minecraft:cooked_salmon":15,"minecraft:bucket":2,"minecraft:stone_axe":2,"minecraft:bread":5,"minecraft:air":0,"minecraft:oak_boat":4,"minecraft:iron_shovel":3,"minecraft:iron_leggings":1,"minecraft:anvil":1,"minecraft:note_block":1,"minecraft:torch":44,"minecraft:diamond_chestplate":1},"minecraft:killed":{"minecraft:cave_spider":6,"minecraft:spider":7,"minecraft:skeleton":27,"minecraft:chicken":2,"minecraft:turtle":1,"minecraft:wolf":1,"minecraft:pig":9,"minecraft:zombie_villager":2,"minecraft:iron_golem":1,"minecraft:creeper":9,"minecraft:sheep":22,"minecraft:trader_llama":2,"minecraft:pillager":2,"minecraft:zombie":33,"minecraft:donkey":3,"minecraft:ghast":1,"minecraft:glow_squid":2,"minecraft:cow":41,"minecraft:blaze":2,"minecraft:horse":16,"minecraft:wandering_trader":1,"minecraft:enderman":10},"minecraft:mined":{"minecraft:dark_oak_planks":1,"minecraft:spruce_planks":1,"minecraft:white_bed":2,"minecraft:farmland":5,"biomesoplenty:brimstone":2,"minecraft:obsidian":21,"minecraft:granite":38,"minecraft:budding_amethyst":2,"biomesoplenty:bramble":101,"minecraft:grass_block":345,"minecraft:purple_stained_glass_pane":5,"biomesoplenty:jacaranda_stairs":7,"minecraft:hopper":1,"minecraft:raw_iron_block":2,"minecraft:magma_block":16,"biomesoplenty:tall_lavender":7,"minecraft:iron_ore":100,"minecraft:cobbled_deepslate":3,"minecraft:fire":18,"biomesoplenty:lavender":238,"minecraft:deepslate_lapis_ore":11,"minecraft:twisting_vines":2,"minecraft:dirt_path":3,"minecraft:white_banner":1,"biomesoplenty:jacaranda_leaves":98,"minecraft:deepslate_redstone_ore":92,"minecraft:blackstone":29,"minecraft:twisting_vines_plant":3,"biomesoplenty:jacaranda_planks":61,"biomesoplenty:jacaranda_slab":32,"minecraft:amethyst_cluster":5,"biomesoplenty:brimstone_fumarole":1,"minecraft:torch":32,"minecraft:blast_furnace":1,"minecraft:calcite":17,"minecraft:chest":5,"minecraft:nether_quartz_ore":691,"minecraft:cobblestone":12,"minecraft:sugar_cane":435,"minecraft:oak_planks":7,"minecraft:wall_torch":19,"minecraft:amethyst_block":35,"minecraft:warped_nylium":9,"minecraft:mud":1,"minecraft:birch_log":53,"minecraft:wheat":462,"minecraft:grass":311,"minecraft:oak_log":537,"minecraft:sand":670,"minecraft:dirt":278,"minecraft:smooth_basalt":19,"minecraft:netherrack":3542,"minecraft:oak_leaves":108,"minecraft:deepslate":1526,"minecraft:nether_gold_ore":4,"minecraft:tuff":410,"minecraft:deepslate_diamond_ore":28,"minecraft:dark_oak_log":2,"minecraft:glow_lichen":1,"biomesoplenty:bush":4,"minecraft:spruce_leaves":1,"minecraft:sandstone":33,"biomesoplenty:jacaranda_log":268,"minecraft:redstone_ore":5,"minecraft:furnace":3,"minecraft:nether_sprouts":2,"minecraft:andesite":129,"biomesoplenty:sea_oats":1,"minecraft:bookshelf":2,"minecraft:potatoes":634,"minecraft:deepslate_iron_ore":200,"minecraft:rail":1,"biomesoplenty:jacaranda_door":1,"biomesoplenty:spider_egg":1,"minecraft:stone":1467,"minecraft:podzol":3,"minecraft:basalt":1,"minecraft:oak_fence":2,"minecraft:crafting_table":2,"minecraft:emerald_ore":1,"minecraft:warped_roots":4,"minecraft:tall_grass":32,"minecraft:copper_ore":8,"biomesoplenty:huge_clover_petal":4,"minecraft:lapis_ore":6,"minecraft:deepslate_gold_ore":21,"minecraft:diorite":15,"minecraft:spruce_stairs":1,"minecraft:birch_planks":1,"minecraft:birch_leaves":3,"minecraft:bee_nest":1,"minecraft:yellow_bed":8,"minecraft:coal_ore":280,"minecraft:gravel":22,"minecraft:cobweb":23,"minecraft:iron_trapdoor":2},"minecraft:used":{"minecraft:iron_shovel":748,"minecraft:chest":53,"minecraft:iron_sword":105,"biomesoplenty:bramble":50,"minecraft:rotten_flesh":4,"minecraft:mutton":7,"securitycraft:keypad_item":5,"minecraft:tuff":50,"minecraft:obsidian":10,"minecraft:item_frame":17,"minecraft:bow":14,"minecraft:furnace":6,"minecraft:cooked_cod":4,"minecraft:egg":9,"minecraft:potato":842,"minecraft:diorite":3,"minecraft:oak_planks":182,"minecraft:stone_pickaxe":76,"minecraft:wooden_pickaxe":31,"minecraft:sandstone":24,"minecraft:sugar_cane":52,"minecraft:diamond_axe":24,"minecraft:glow_berries":11,"minecraft:sand":196,"minecraft:blast_furnace":2,"securitycraft:universal_block_remover":2,"minecraft:note_block":1,"biomesoplenty:jacaranda_planks":571,"minecraft:shears":70,"waystones:waystone":1,"minecraft:heavy_weighted_pressure_plate":1,"minecraft:bread":8,"minecraft:diamond_sword":94,"minecraft:oak_boat":5,"biomesoplenty:jacaranda_leaves":18,"minecraft:bone_meal":128,"minecraft:oak_fence":64,"minecraft:oak_trapdoor":2,"minecraft:enchanting_table":1,"minecraft:stone_sword":23,"minecraft:flint_and_steel":1,"securitycraft:keypad_chest":2,"minecraft:stone_shovel":157,"vanillaplustools:stone_hammer":35,"minecraft:cooked_salmon":1,"minecraft:cooked_chicken":1,"minecraft:stone_hoe":131,"minecraft:netherrack":31,"minecraft:torch":118,"minecraft:dirt":560,"minecraft:anvil":1,"minecraft:white_carpet":3,"minecraft:hopper":2,"minecraft:golden_shovel":66,"biomesoplenty:jacaranda_slab":275,"minecraft:granite":1,"minecraft:purple_stained_glass_pane":145,"minecraft:iron_hoe":82,"minecraft:bookshelf":17,"minecraft:iron_axe":1582,"biomesoplenty:jacaranda_log":88,"biomesoplenty:jacaranda_stairs":31,"minecraft:iron_trapdoor":3,"tombstone:gift":1,"minecraft:cooked_beef":23,"minecraft:cobbled_deepslate":224,"minecraft:wheat_seeds":507,"minecraft:cooked_mutton":25,"biomesoplenty:jacaranda_door":5,"minecraft:water_bucket":153,"minecraft:birch_planks":127,"minecraft:bundle":1,"minecraft:baked_potato":86,"minecraft:birch_boat":2,"minecraft:crafting_table":3,"minecraft:white_bed":3,"minecraft:smoker":4,"minecraft:oak_log":5,"minecraft:diamond_pickaxe":5372,"minecraft:apple":2,"minecraft:diamond_shovel":132,"minecraft:chicken":1,"minecraft:iron_pickaxe":1351,"minecraft:stone_axe":132,"minecraft:fishing_rod":3684,"minecraft:cobblestone":274,"vanillaplustools:iron_hammer":248,"minecraft:porkchop":3,"minecraft:cooked_porkchop":13,"minecraft:bucket":154,"minecraft:yellow_bed":10},"minecraft:picked_up":{"minecraft:seagrass":4,"waystones:warp_stone":1,"minecraft:wheat":373,"minecraft:iron_trapdoor":2,"minecraft:diamond_sword":1,"minecraft:lead":2,"minecraft:enchanted_book":1,"minecraft:golden_shovel":1,"minecraft:amethyst_block":36,"minecraft:string":54,"minecraft:raw_copper":51,"minecraft:cooked_salmon":1,"biomesoplenty:tall_lavender":4,"biomesoplenty:brimstone":2,"minecraft:gold_nugget":14,"minecraft:cobbled_deepslate":1507,"minecraft:bucket":1,"minecraft:spruce_planks":2,"minecraft:calcite":11,"minecraft:iron_pickaxe":1,"minecraft:furnace":3,"minecraft:stick":44,"minecraft:oak_fence":2,"minecraft:torch":84,"minecraft:spruce_stairs":2,"minecraft:porkchop":19,"tombstone:grave_dust":13,"minecraft:diorite":15,"minecraft:quartz_block":7,"minecraft:stone_sword":1,"minecraft:rotten_flesh":34,"minecraft:iron_block":140,"minecraft:blaze_rod":1,"minecraft:obsidian":20,"minecraft:cod":2,"minecraft:cobblestone":1619,"minecraft:enchanting_table":1,"biomesoplenty:lavender":202,"minecraft:birch_log":53,"minecraft:magma_block":5,"minecraft:feather":4,"minecraft:andesite":116,"minecraft:brown_wool":6,"minecraft:potato":1984,"minecraft:flint":6,"minecraft:tuff":435,"minecraft:lapis_lazuli":177,"minecraft:dirt":640,"minecraft:twisting_vines":3,"minecraft:glass":5,"minecraft:bone":28,"minecraft:bow":1,"minecraft:wheat_seeds":1113,"minecraft:raw_gold":31,"minecraft:purple_stained_glass_pane":34,"minecraft:moss_block":2,"minecraft:oak_planks":8,"minecraft:cooked_porkchop":3,"minecraft:poisonous_potato":8,"tombstone:scroll_of_feather_fall":1,"minecraft:sand":826,"minecraft:ink_sac":2,"minecraft:dark_oak_log":1,"minecraft:bundle":1,"minecraft:diamond":43,"minecraft:granite":68,"minecraft:emerald":2,"minecraft:oak_sapling":53,"minecraft:netherrack":1526,"minecraft:diamond_pickaxe":3,"minecraft:mud":1,"minecraft:fishing_rod":1,"minecraft:crafting_table":2,"minecraft:chicken":2,"minecraft:leather_leggings":1,"minecraft:wooden_pickaxe":1,"biomesoplenty:jacaranda_sapling":15,"minecraft:iron_axe":1,"minecraft:flint_and_steel":1,"minecraft:iron_shovel":1,"minecraft:blackstone":19,"minecraft:glass_pane":40,"biomesoplenty:jacaranda_slab":42,"minecraft:beef":77,"minecraft:oak_boat":2,"minecraft:light_gray_wool":7,"minecraft:chest":5,"minecraft:sugar_cane":759,"minecraft:birch_sapling":8,"minecraft:egg":12,"minecraft:raw_iron":312,"minecraft:sandstone":32,"minecraft:stone":3,"minecraft:carrot":1,"minecraft:redstone":452,"minecraft:dark_oak_planks":2,"minecraft:arrow":29,"minecraft:stone_shovel":1,"minecraft:cooked_cod":4,"biomesoplenty:jacaranda_log":362,"biomesoplenty:jacaranda_stairs":7,"minecraft:shears":1,"minecraft:mutton":40,"minecraft:rail":2,"minecraft:white_wool":26,"minecraft:basalt":1,"minecraft:glow_ink_sac":14,"minecraft:leather":96,"minecraft:filled_map":3,"minecraft:birch_planks":15,"biomesoplenty:jacaranda_door":4,"minecraft:oak_log":539,"securitycraft:keypad_chest":2,"minecraft:yellow_bed":10,"biomesoplenty:jacaranda_planks":204,"minecraft:gunpowder":3,"minecraft:paper":34,"minecraft:white_banner":2,"minecraft:coast_armor_trim_smithing_template":4,"minecraft:apple":2,"minecraft:iron_ingot":21,"minecraft:stone_pickaxe":1,"minecraft:iron_sword":1,"minecraft:book":7,"minecraft:smooth_basalt":10,"minecraft:birch_boat":2,"minecraft:quartz":1266,"minecraft:raw_iron_block":2,"minecraft:gravel":18,"minecraft:amethyst_shard":44,"minecraft:blast_furnace":1,"minecraft:white_bed":4,"biomesoplenty:jacaranda_leaves":69,"minecraft:spider_eye":7,"biomesoplenty:bramble":97,"minecraft:stone_axe":1,"vanillaplustools:stone_hammer":1,"minecraft:warped_roots":6,"minecraft:baked_potato":2,"tombstone:magic_scroll":2,"minecraft:warped_nylium":6,"minecraft:coal":385,"minecraft:hopper":1,"minecraft:ender_pearl":7},"minecraft:killed_by":{"minecraft:enderman":1}},"DataVersion":3463}