{"stats":{"minecraft:dropped":{"minecraft:bread":2,"minecraft:wheat_seeds":1,"minecraft:lilac":1,"biomesoplenty:lavender":27,"minecraft:dirt":9,"minecraft:wooden_axe":1,"minecraft:leather_chestplate":1,"minecraft:birch_boat":1,"biomesoplenty:tall_lavender":1},"minecraft:custom":{"minecraft:mob_kills":40,"minecraft:interact_with_crafting_table":70,"minecraft:leave_game":43,"minecraft:time_since_death":61214,"minecraft:sprint_one_cm":700757,"minecraft:walk_one_cm":759009,"minecraft:drop":18,"minecraft:talked_to_villager":7,"minecraft:play_time":319649,"minecraft:sneak_time":10922,"minecraft:deaths":10,"minecraft:walk_under_water_one_cm":19241,"minecraft:boat_one_cm":309749,"minecraft:jump":3934,"minecraft:walk_on_water_one_cm":52057,"minecraft:total_world_time":319649,"minecraft:interact_with_furnace":36,"minecraft:sleep_in_bed":8,"minecraft:time_since_rest":2069,"minecraft:waystone_activated":3,"minecraft:damage_taken":4357,"minecraft:damage_dealt":8665,"minecraft:swim_one_cm":22327,"minecraft:fly_one_cm":592451,"minecraft:open_chest":147,"minecraft:crouch_one_cm":46446,"tombstone:undead_killed":29,"minecraft:interact_with_smoker":4,"minecraft:fall_one_cm":79609,"minecraft:horse_one_cm":1275},"minecraft:killed_by":{"minecraft:cave_spider":2,"minecraft:skeleton":3,"minecraft:zombie":4},"minecraft:killed":{"minecraft:cave_spider":3,"minecraft:spider":2,"minecraft:skeleton":15,"minecraft:pig":2,"minecraft:creeper":1,"minecraft:sheep":1,"minecraft:zombie":15},"minecraft:used":{"minecraft:stone_sword":49,"minecraft:iron_shovel":443,"minecraft:stone_shovel":407,"minecraft:oak_sign":3,"minecraft:chest":4,"minecraft:wooden_shovel":59,"minecraft:torch":40,"minecraft:dirt":969,"minecraft:tuff":2,"minecraft:granite":2,"minecraft:wooden_axe":98,"minecraft:iron_axe":127,"biomesoplenty:tall_lavender":2,"biomesoplenty:jacaranda_sapling":1,"minecraft:hay_block":1,"minecraft:oak_sapling":6,"minecraft:furnace":2,"tombstone:gift":4,"minecraft:potato":48,"biomesoplenty:jacaranda_fence":6,"minecraft:cobbled_deepslate":25,"minecraft:magenta_dye":1,"minecraft:wheat_seeds":60,"biomesoplenty:jacaranda_door":1,"minecraft:water_bucket":60,"minecraft:diorite":24,"minecraft:birch_planks":47,"minecraft:stone_pickaxe":335,"minecraft:baked_potato":26,"minecraft:oak_planks":111,"minecraft:wooden_pickaxe":3,"biomesoplenty:lavender":7,"minecraft:sugar_cane":14,"minecraft:oak_slab":4,"minecraft:crafting_table":5,"minecraft:white_bed":3,"minecraft:wooden_hoe":58,"minecraft:bread":31,"minecraft:iron_pickaxe":449,"minecraft:gravel":5,"minecraft:lilac":3,"minecraft:stone_axe":19,"minecraft:cobblestone":104,"minecraft:andesite":1,"minecraft:bucket":62,"minecraft:oak_boat":4},"minecraft:broken":{"minecraft:iron_shovel":1,"minecraft:wooden_shovel":1,"minecraft:stone_pickaxe":2,"minecraft:iron_pickaxe":1,"minecraft:wooden_axe":1,"minecraft:stone_shovel":3},"minecraft:crafted":{"minecraft:oak_planks":160,"minecraft:stone_shovel":3,"minecraft:oak_sign":3,"minecraft:furnace":2,"minecraft:iron_axe":1,"minecraft:stone_pickaxe":4,"minecraft:chest":2,"biomesoplenty:jacaranda_door":3,"minecraft:magenta_dye":4,"minecraft:wheat":126,"minecraft:oak_slab":6,"minecraft:wooden_shovel":1,"biomesoplenty:jacaranda_planks":16,"minecraft:crafting_table":2,"minecraft:wooden_pickaxe":1,"minecraft:baked_potato":49,"minecraft:bucket":1,"minecraft:birch_planks":48,"minecraft:stone_axe":1,"minecraft:bread":39,"minecraft:air":0,"biomesoplenty:jacaranda_fence":6,"minecraft:oak_boat":1,"minecraft:wooden_hoe":1,"minecraft:iron_chestplate":1,"minecraft:stick":36,"minecraft:iron_ingot":47,"minecraft:iron_pickaxe":3,"minecraft:wooden_axe":2,"minecraft:stone_sword":1,"minecraft:iron_shovel":2,"minecraft:iron_leggings":1,"minecraft:gold_ingot":9,"minecraft:torch":12},"minecraft:mined":{"minecraft:tuff":2,"minecraft:white_bed":3,"minecraft:oak_sapling":3,"minecraft:deepslate_diamond_ore":1,"minecraft:granite":9,"biomesoplenty:bush":39,"minecraft:grass_block":583,"biomesoplenty:flowering_oak_leaves":1,"minecraft:oak_wall_sign":2,"biomesoplenty:jacaranda_sapling":1,"minecraft:spawner":3,"minecraft:hay_block":15,"biomesoplenty:jacaranda_log":10,"minecraft:redstone_ore":2,"biomesoplenty:tall_lavender":14,"minecraft:iron_ore":156,"biomesoplenty:lavender":163,"minecraft:andesite":14,"minecraft:deepslate_lapis_ore":5,"minecraft:bookshelf":4,"minecraft:potatoes":10,"minecraft:deepslate_iron_ore":18,"minecraft:dirt_path":1,"minecraft:stone":321,"biomesoplenty:jacaranda_leaves":3,"minecraft:deepslate_redstone_ore":7,"minecraft:oak_slab":1,"minecraft:oak_fence":2,"minecraft:crafting_table":4,"minecraft:torch":7,"minecraft:chest":2,"minecraft:rose_bush":1,"minecraft:tall_grass":11,"minecraft:copper_ore":4,"minecraft:cobblestone":16,"minecraft:lapis_ore":15,"minecraft:deepslate_gold_ore":9,"minecraft:sugar_cane":7,"minecraft:oak_planks":22,"minecraft:diorite":68,"minecraft:wall_torch":25,"minecraft:birch_planks":5,"minecraft:birch_log":12,"minecraft:wheat":25,"minecraft:lilac":27,"minecraft:grass":79,"minecraft:oak_log":61,"minecraft:coal_ore":74,"minecraft:gravel":53,"minecraft:sand":1,"minecraft:dirt":341,"minecraft:cobweb":11,"minecraft:gold_ore":14,"minecraft:oak_leaves":64,"minecraft:deepslate":21,"biomesoplenty:reed":3},"minecraft:picked_up":{"minecraft:wooden_axe":1,"minecraft:crafting_table":4,"minecraft:wheat":26,"biomesoplenty:jacaranda_sapling":2,"minecraft:string":18,"minecraft:raw_copper":30,"biomesoplenty:tall_lavender":15,"minecraft:oak_sign":2,"minecraft:cobbled_deepslate":25,"minecraft:bucket":1,"minecraft:oak_boat":4,"minecraft:rose_bush":1,"minecraft:chest":2,"minecraft:sugar_cane":14,"minecraft:egg":2,"minecraft:stick":14,"minecraft:raw_iron":175,"minecraft:oak_fence":3,"minecraft:torch":35,"minecraft:porkchop":3,"tombstone:grave_dust":6,"minecraft:diorite":67,"minecraft:redstone":41,"minecraft:arrow":13,"minecraft:rotten_flesh":16,"biomesoplenty:jacaranda_log":10,"minecraft:hay_block":15,"minecraft:mutton":1,"minecraft:cobblestone":354,"minecraft:rail":1,"minecraft:white_wool":1,"biomesoplenty:lavender":184,"minecraft:birch_log":12,"minecraft:leather_chestplate":1,"minecraft:lilac":23,"minecraft:andesite":12,"minecraft:potato":49,"minecraft:birch_planks":5,"minecraft:flint":7,"minecraft:tuff":2,"minecraft:oak_log":61,"minecraft:gunpowder":1,"minecraft:lapis_lazuli":133,"minecraft:dirt":994,"minecraft:bone":11,"minecraft:apple":6,"minecraft:bow":2,"minecraft:wheat_seeds":88,"minecraft:raw_gold":23,"minecraft:iron_ingot":1,"minecraft:oak_planks":23,"minecraft:book":12,"minecraft:oak_slab":1,"minecraft:birch_boat":1,"minecraft:gravel":46,"minecraft:sand":1,"minecraft:white_bed":3,"biomesoplenty:jacaranda_leaves":51,"minecraft:bundle":1,"minecraft:diamond":2,"minecraft:granite":9,"minecraft:bread":2,"minecraft:oak_sapling":14,"minecraft:coal":74}},"DataVersion":3463}