{"stats":{"minecraft:dropped":{"minecraft:bread":2,"minecraft:wheat_seeds":1,"minecraft:lilac":1,"biomesoplenty:lavender":143,"minecraft:dirt":9,"minecraft:wooden_axe":1,"minecraft:leather_chestplate":1,"minecraft:birch_boat":1,"biomesoplenty:tall_lavender":1},"minecraft:custom":{"minecraft:mob_kills":45,"minecraft:interact_with_crafting_table":77,"minecraft:leave_game":44,"minecraft:time_since_death":91511,"minecraft:sprint_one_cm":756380,"minecraft:walk_one_cm":854571,"minecraft:drop":21,"minecraft:talked_to_villager":7,"minecraft:play_time":349946,"minecraft:sneak_time":14108,"minecraft:deaths":10,"minecraft:walk_under_water_one_cm":19241,"minecraft:boat_one_cm":309749,"minecraft:jump":4208,"minecraft:walk_on_water_one_cm":60090,"minecraft:total_world_time":349946,"minecraft:interact_with_furnace":39,"minecraft:sleep_in_bed":10,"minecraft:time_since_rest":4046,"minecraft:waystone_activated":3,"minecraft:damage_taken":4556,"minecraft:damage_dealt":9638,"minecraft:swim_one_cm":22327,"minecraft:fly_one_cm":648542,"minecraft:open_chest":170,"minecraft:crouch_one_cm":64281,"tombstone:undead_killed":33,"minecraft:interact_with_smoker":4,"minecraft:fall_one_cm":86620,"minecraft:horse_one_cm":1275},"minecraft:killed_by":{"minecraft:cave_spider":2,"minecraft:skeleton":3,"minecraft:zombie":4},"minecraft:killed":{"minecraft:cave_spider":3,"minecraft:spider":2,"minecraft:skeleton":16,"minecraft:pig":2,"minecraft:creeper":2,"minecraft:sheep":1,"minecraft:zombie":18},"minecraft:used":{"minecraft:stone_sword":49,"minecraft:iron_shovel":979,"minecraft:stone_shovel":407,"minecraft:oak_sign":3,"minecraft:chest":4,"minecraft:iron_sword":22,"minecraft:wooden_shovel":59,"minecraft:torch":54,"minecraft:dirt":1444,"minecraft:tuff":2,"minecraft:granite":2,"minecraft:wooden_axe":98,"minecraft:iron_axe":185,"biomesoplenty:tall_lavender":2,"biomesoplenty:jacaranda_sapling":1,"minecraft:hay_block":1,"minecraft:oak_sapling":6,"minecraft:furnace":2,"tombstone:gift":4,"minecraft:potato":48,"biomesoplenty:jacaranda_fence":9,"minecraft:cobbled_deepslate":25,"minecraft:magenta_dye":1,"minecraft:wheat_seeds":63,"biomesoplenty:jacaranda_door":1,"minecraft:water_bucket":82,"minecraft:diorite":24,"minecraft:birch_planks":58,"minecraft:stone_pickaxe":335,"minecraft:baked_potato":26,"minecraft:oak_planks":120,"minecraft:wooden_pickaxe":3,"minecraft:sugar_cane":14,"biomesoplenty:lavender":7,"minecraft:oak_slab":5,"minecraft:crafting_table":5,"minecraft:white_bed":3,"minecraft:wooden_hoe":58,"minecraft:bread":38,"minecraft:iron_pickaxe":449,"minecraft:gravel":5,"minecraft:lilac":4,"minecraft:stone_axe":19,"minecraft:cobblestone":104,"minecraft:andesite":1,"minecraft:bucket":85,"minecraft:oak_boat":4},"minecraft:broken":{"minecraft:iron_shovel":3,"minecraft:wooden_shovel":1,"minecraft:stone_pickaxe":2,"minecraft:iron_axe":1,"minecraft:iron_pickaxe":1,"minecraft:wooden_axe":1,"minecraft:stone_shovel":3},"minecraft:crafted":{"minecraft:oak_planks":176,"minecraft:stone_shovel":3,"minecraft:oak_sign":3,"minecraft:furnace":2,"minecraft:iron_boots":1,"minecraft:iron_axe":2,"minecraft:stone_pickaxe":4,"minecraft:chest":2,"biomesoplenty:jacaranda_door":3,"minecraft:magenta_dye":4,"minecraft:wheat":126,"minecraft:oak_slab":6,"minecraft:wooden_shovel":1,"biomesoplenty:jacaranda_planks":40,"minecraft:crafting_table":2,"minecraft:wooden_pickaxe":1,"minecraft:baked_potato":49,"minecraft:iron_helmet":1,"minecraft:iron_sword":1,"minecraft:birch_planks":112,"minecraft:bucket":2,"minecraft:stone_axe":1,"minecraft:bread":39,"minecraft:air":0,"biomesoplenty:jacaranda_fence":9,"minecraft:oak_boat":1,"minecraft:wooden_hoe":1,"minecraft:iron_chestplate":1,"minecraft:stick":48,"minecraft:iron_ingot":111,"minecraft:iron_pickaxe":4,"minecraft:wooden_axe":2,"minecraft:stone_sword":1,"minecraft:iron_shovel":5,"minecraft:iron_leggings":1,"minecraft:gold_ingot":9,"minecraft:torch":20},"minecraft:mined":{"minecraft:tuff":2,"minecraft:white_bed":3,"minecraft:oak_sapling":3,"minecraft:deepslate_diamond_ore":1,"minecraft:granite":9,"biomesoplenty:bush":41,"minecraft:grass_block":1068,"biomesoplenty:flowering_oak_leaves":1,"minecraft:oak_wall_sign":2,"biomesoplenty:jacaranda_sapling":1,"minecraft:spawner":3,"minecraft:hay_block":15,"biomesoplenty:jacaranda_log":10,"minecraft:redstone_ore":2,"biomesoplenty:tall_lavender":18,"minecraft:iron_ore":156,"biomesoplenty:lavender":220,"minecraft:andesite":14,"minecraft:deepslate_lapis_ore":5,"minecraft:bookshelf":4,"minecraft:potatoes":10,"minecraft:deepslate_iron_ore":18,"minecraft:dirt_path":1,"minecraft:stone":321,"biomesoplenty:jacaranda_leaves":3,"minecraft:deepslate_redstone_ore":7,"minecraft:oak_slab":1,"minecraft:oak_fence":2,"minecraft:crafting_table":4,"minecraft:torch":8,"minecraft:chest":2,"minecraft:rose_bush":1,"minecraft:tall_grass":12,"minecraft:copper_ore":4,"minecraft:cobblestone":16,"minecraft:lapis_ore":15,"minecraft:deepslate_gold_ore":9,"minecraft:sugar_cane":7,"minecraft:oak_planks":22,"minecraft:diorite":68,"minecraft:wall_torch":29,"minecraft:birch_planks":5,"minecraft:birch_log":28,"minecraft:wheat":25,"minecraft:lilac":29,"minecraft:grass":94,"minecraft:oak_log":96,"minecraft:coal_ore":74,"minecraft:gravel":53,"minecraft:sand":1,"minecraft:dirt":366,"minecraft:cobweb":11,"minecraft:gold_ore":14,"minecraft:oak_leaves":72,"minecraft:deepslate":21,"biomesoplenty:reed":3},"minecraft:picked_up":{"minecraft:wooden_axe":1,"minecraft:crafting_table":4,"minecraft:wheat":27,"biomesoplenty:jacaranda_sapling":2,"minecraft:string":18,"minecraft:raw_copper":30,"biomesoplenty:tall_lavender":22,"minecraft:oak_sign":2,"minecraft:cobbled_deepslate":25,"minecraft:bucket":1,"minecraft:oak_boat":4,"minecraft:rose_bush":1,"minecraft:chest":2,"minecraft:sugar_cane":14,"minecraft:egg":2,"minecraft:stick":14,"minecraft:raw_iron":175,"minecraft:oak_fence":3,"minecraft:torch":41,"minecraft:porkchop":3,"tombstone:grave_dust":6,"minecraft:diorite":67,"minecraft:redstone":41,"minecraft:arrow":14,"minecraft:rotten_flesh":19,"biomesoplenty:jacaranda_log":10,"minecraft:hay_block":15,"minecraft:mutton":1,"minecraft:cobblestone":354,"minecraft:rail":1,"minecraft:white_wool":1,"biomesoplenty:lavender":516,"minecraft:birch_log":28,"minecraft:leather_chestplate":1,"minecraft:lilac":24,"minecraft:andesite":12,"minecraft:potato":49,"minecraft:birch_planks":8,"minecraft:flint":7,"minecraft:tuff":2,"minecraft:oak_log":96,"minecraft:gunpowder":1,"minecraft:dirt":1503,"minecraft:lapis_lazuli":133,"minecraft:bone":11,"minecraft:apple":6,"minecraft:bow":2,"minecraft:wheat_seeds":104,"minecraft:raw_gold":23,"minecraft:iron_ingot":1,"minecraft:oak_planks":27,"minecraft:book":12,"minecraft:oak_slab":2,"minecraft:birch_boat":1,"minecraft:gravel":46,"minecraft:sand":1,"minecraft:white_bed":3,"biomesoplenty:jacaranda_leaves":51,"minecraft:bundle":1,"minecraft:diamond":2,"minecraft:granite":9,"minecraft:bread":2,"minecraft:oak_sapling":15,"minecraft:coal":74}},"DataVersion":3463}