{"stats":{"minecraft:dropped":{"minecraft:leather_chestplate":1},"minecraft:custom":{"minecraft:time_since_rest":6543,"minecraft:sprint_one_cm":43821,"minecraft:damage_taken":325,"minecraft:walk_one_cm":27108,"minecraft:mob_kills":1,"minecraft:drop":1,"minecraft:damage_dealt":149,"minecraft:talked_to_villager":6,"minecraft:fly_one_cm":64362,"minecraft:open_chest":4,"minecraft:crouch_one_cm":518,"minecraft:play_time":17718,"minecraft:deaths":1,"minecraft:sneak_time":154,"minecraft:jump":257,"minecraft:leave_game":5,"minecraft:walk_on_water_one_cm":148,"minecraft:time_since_death":6518,"minecraft:total_world_time":17718,"minecraft:fall_one_cm":5492},"minecraft:killed_by":{"minecraft:zombie":1},"minecraft:used":{"minecraft:bread":4,"minecraft:oak_sign":1,"minecraft:dirt":1,"minecraft:hay_block":1},"minecraft:killed":{"minecraft:skeleton":1},"minecraft:crafted":{"minecraft:oak_planks":24,"minecraft:crafting_table":2,"minecraft:stick":4},"minecraft:mined":{"minecraft:hay_block":15,"minecraft:white_bed":1,"minecraft:grass":4,"minecraft:grass_block":2,"minecraft:oak_log":6,"minecraft:chest":2,"minecraft:dirt":3,"minecraft:tall_grass":5,"minecraft:sugar_cane":1,"minecraft:oak_leaves":3,"minecraft:oak_wall_sign":1},"minecraft:picked_up":{"minecraft:leather_chestplate":1,"minecraft:oak_log":6,"minecraft:white_bed":1,"minecraft:dirt":5,"minecraft:arrow":2,"minecraft:oak_sign":1,"minecraft:wheat_seeds":1,"minecraft:hay_block":15,"minecraft:oak_sapling":1,"minecraft:sugar_cane":3,"minecraft:chest":2}},"DataVersion":3463}