{"stats":{"minecraft:dropped":{"minecraft:bread":2,"minecraft:wheat_seeds":1,"minecraft:lilac":1,"biomesoplenty:lavender":27,"minecraft:dirt":9,"minecraft:wooden_axe":1,"minecraft:leather_chestplate":1,"minecraft:birch_boat":1,"biomesoplenty:tall_lavender":1},"minecraft:custom":{"minecraft:mob_kills":15,"minecraft:interact_with_crafting_table":51,"minecraft:leave_game":30,"minecraft:time_since_death":45971,"minecraft:sprint_one_cm":487863,"minecraft:walk_one_cm":566018,"minecraft:drop":18,"minecraft:talked_to_villager":7,"minecraft:play_time":244548,"minecraft:deaths":9,"minecraft:sneak_time":8207,"minecraft:walk_under_water_one_cm":11968,"minecraft:boat_one_cm":309749,"minecraft:jump":2628,"minecraft:walk_on_water_one_cm":23834,"minecraft:total_world_time":244548,"minecraft:interact_with_furnace":15,"minecraft:sleep_in_bed":5,"minecraft:time_since_rest":4503,"minecraft:waystone_activated":3,"minecraft:damage_taken":3113,"minecraft:damage_dealt":3605,"minecraft:swim_one_cm":21320,"minecraft:fly_one_cm":441155,"minecraft:open_chest":116,"minecraft:crouch_one_cm":37245,"tombstone:undead_killed":10,"minecraft:interact_with_smoker":4,"minecraft:fall_one_cm":52810,"minecraft:horse_one_cm":1275},"minecraft:killed_by":{"minecraft:cave_spider":2,"minecraft:skeleton":2,"minecraft:zombie":4},"minecraft:killed":{"minecraft:spider":1,"minecraft:skeleton":4,"minecraft:pig":2,"minecraft:sheep":1,"minecraft:zombie":7},"minecraft:used":{"minecraft:stone_sword":49,"minecraft:iron_shovel":253,"minecraft:stone_shovel":407,"minecraft:oak_sign":3,"minecraft:chest":2,"minecraft:wooden_shovel":59,"minecraft:torch":30,"minecraft:dirt":782,"minecraft:granite":2,"minecraft:wooden_axe":98,"minecraft:iron_axe":33,"biomesoplenty:tall_lavender":2,"biomesoplenty:jacaranda_sapling":1,"minecraft:hay_block":1,"minecraft:oak_sapling":6,"minecraft:furnace":2,"tombstone:gift":4,"minecraft:potato":33,"biomesoplenty:jacaranda_fence":6,"minecraft:magenta_dye":1,"minecraft:wheat_seeds":37,"biomesoplenty:jacaranda_door":1,"minecraft:water_bucket":31,"minecraft:birch_planks":47,"minecraft:stone_pickaxe":335,"minecraft:baked_potato":20,"minecraft:oak_planks":111,"minecraft:wooden_pickaxe":3,"biomesoplenty:lavender":7,"minecraft:sugar_cane":3,"minecraft:oak_slab":4,"minecraft:crafting_table":5,"minecraft:white_bed":3,"minecraft:wooden_hoe":41,"minecraft:bread":13,"minecraft:iron_pickaxe":100,"minecraft:lilac":3,"minecraft:stone_axe":19,"minecraft:cobblestone":47,"minecraft:bucket":32,"minecraft:oak_boat":4},"minecraft:broken":{"minecraft:iron_shovel":1,"minecraft:wooden_shovel":1,"minecraft:stone_pickaxe":2,"minecraft:wooden_axe":1,"minecraft:stone_shovel":3},"minecraft:crafted":{"minecraft:oak_planks":152,"minecraft:stone_shovel":3,"minecraft:oak_sign":3,"minecraft:furnace":2,"minecraft:iron_axe":1,"minecraft:stone_pickaxe":4,"biomesoplenty:jacaranda_door":3,"minecraft:magenta_dye":4,"minecraft:wheat":126,"minecraft:oak_slab":6,"minecraft:wooden_shovel":1,"biomesoplenty:jacaranda_planks":16,"minecraft:crafting_table":2,"minecraft:wooden_pickaxe":1,"minecraft:baked_potato":47,"minecraft:birch_planks":48,"minecraft:stone_axe":1,"minecraft:bread":21,"minecraft:air":0,"biomesoplenty:jacaranda_fence":6,"minecraft:oak_boat":1,"minecraft:wooden_hoe":1,"minecraft:stick":36,"minecraft:iron_ingot":18,"minecraft:iron_pickaxe":2,"minecraft:wooden_axe":2,"minecraft:stone_sword":1,"minecraft:iron_shovel":1,"minecraft:torch":12},"minecraft:mined":{"minecraft:white_bed":3,"minecraft:oak_sapling":3,"minecraft:granite":2,"biomesoplenty:bush":39,"minecraft:grass_block":418,"biomesoplenty:flowering_oak_leaves":1,"minecraft:oak_wall_sign":2,"biomesoplenty:jacaranda_sapling":1,"minecraft:spawner":1,"minecraft:hay_block":15,"biomesoplenty:jacaranda_log":10,"minecraft:redstone_ore":2,"biomesoplenty:tall_lavender":14,"minecraft:iron_ore":62,"biomesoplenty:lavender":163,"minecraft:andesite":5,"minecraft:bookshelf":4,"minecraft:potatoes":9,"minecraft:deepslate_iron_ore":1,"minecraft:dirt_path":1,"minecraft:stone":240,"biomesoplenty:jacaranda_leaves":3,"minecraft:oak_slab":1,"minecraft:crafting_table":4,"minecraft:torch":5,"minecraft:chest":2,"minecraft:rose_bush":1,"minecraft:tall_grass":11,"minecraft:copper_ore":2,"minecraft:cobblestone":8,"minecraft:lapis_ore":14,"minecraft:sugar_cane":4,"minecraft:oak_planks":19,"minecraft:diorite":36,"minecraft:wall_torch":18,"minecraft:birch_planks":5,"minecraft:birch_log":12,"minecraft:wheat":15,"minecraft:lilac":27,"minecraft:grass":78,"minecraft:oak_log":61,"minecraft:coal_ore":30,"minecraft:gravel":24,"minecraft:dirt":337,"minecraft:cobweb":11,"minecraft:gold_ore":12,"minecraft:oak_leaves":64,"biomesoplenty:reed":3},"minecraft:picked_up":{"minecraft:wooden_axe":1,"minecraft:crafting_table":4,"minecraft:wheat":15,"biomesoplenty:jacaranda_sapling":2,"minecraft:string":15,"minecraft:raw_copper":16,"biomesoplenty:tall_lavender":15,"minecraft:oak_sign":2,"minecraft:cobbled_deepslate":4,"minecraft:bucket":1,"minecraft:oak_boat":4,"minecraft:rose_bush":1,"minecraft:chest":2,"minecraft:sugar_cane":8,"minecraft:egg":2,"minecraft:stick":14,"minecraft:raw_iron":64,"minecraft:oak_fence":1,"minecraft:torch":24,"minecraft:porkchop":3,"minecraft:diorite":36,"minecraft:redstone":9,"minecraft:arrow":5,"minecraft:rotten_flesh":6,"biomesoplenty:jacaranda_log":10,"minecraft:hay_block":15,"minecraft:mutton":1,"minecraft:cobblestone":262,"minecraft:rail":1,"minecraft:white_wool":1,"biomesoplenty:lavender":184,"minecraft:birch_log":12,"minecraft:leather_chestplate":1,"minecraft:lilac":23,"minecraft:andesite":3,"minecraft:potato":32,"minecraft:birch_planks":5,"minecraft:flint":2,"minecraft:oak_log":61,"minecraft:lapis_lazuli":92,"minecraft:dirt":804,"minecraft:bone":2,"minecraft:apple":6,"minecraft:wheat_seeds":56,"minecraft:raw_gold":12,"minecraft:iron_ingot":1,"minecraft:oak_planks":20,"minecraft:book":12,"minecraft:oak_slab":1,"minecraft:birch_boat":1,"minecraft:gravel":22,"minecraft:white_bed":3,"biomesoplenty:jacaranda_leaves":51,"minecraft:diamond":1,"minecraft:granite":2,"minecraft:bread":2,"minecraft:oak_sapling":14,"minecraft:coal":30}},"DataVersion":3463}