{"stats":{"minecraft:killed":{"minecraft:pig":2,"minecraft:sheep":1,"minecraft:skeleton":1,"minecraft:zombie":3},"minecraft:mined":{"biomesoplenty:jacaranda_leaves":3,"minecraft:oak_slab":1,"minecraft:white_bed":3,"minecraft:oak_sapling":3,"minecraft:crafting_table":4,"minecraft:torch":1,"minecraft:granite":2,"biomesoplenty:bush":37,"minecraft:grass_block":250,"minecraft:chest":2,"minecraft:rose_bush":1,"biomesoplenty:flowering_oak_leaves":1,"minecraft:copper_ore":2,"minecraft:tall_grass":11,"minecraft:cobblestone":6,"minecraft:sugar_cane":1,"minecraft:oak_planks":11,"minecraft:diorite":35,"minecraft:oak_wall_sign":1,"minecraft:wall_torch":9,"minecraft:hay_block":15,"minecraft:birch_planks":5,"biomesoplenty:jacaranda_log":4,"biomesoplenty:tall_lavender":14,"minecraft:birch_log":12,"minecraft:wheat":2,"minecraft:lilac":26,"biomesoplenty:lavender":161,"minecraft:potatoes":2,"minecraft:grass":76,"minecraft:bookshelf":4,"minecraft:oak_log":53,"minecraft:coal_ore":9,"minecraft:gravel":24,"minecraft:dirt":252,"minecraft:stone":200,"minecraft:oak_leaves":60,"biomesoplenty:reed":3},"minecraft:custom":{"minecraft:interact_with_furnace":3,"minecraft:mob_kills":7,"minecraft:interact_with_crafting_table":43,"minecraft:leave_game":11,"minecraft:time_since_death":75969,"minecraft:sleep_in_bed":4,"minecraft:waystone_activated":1,"minecraft:time_since_rest":48694,"minecraft:sprint_one_cm":216771,"minecraft:damage_taken":886,"minecraft:walk_one_cm":273044,"minecraft:drop":13,"minecraft:damage_dealt":1158,"minecraft:swim_one_cm":8452,"minecraft:talked_to_villager":7,"minecraft:fly_one_cm":311500,"minecraft:open_chest":76,"minecraft:crouch_one_cm":27913,"minecraft:play_time":135967,"tombstone:undead_killed":3,"minecraft:deaths":2,"minecraft:sneak_time":5837,"minecraft:walk_under_water_one_cm":5078,"minecraft:boat_one_cm":178290,"minecraft:jump":1543,"minecraft:walk_on_water_one_cm":17695,"minecraft:total_world_time":135967,"minecraft:interact_with_smoker":4,"minecraft:fall_one_cm":35671},"minecraft:killed_by":{"minecraft:zombie":2},"minecraft:broken":{"minecraft:stone_pickaxe":2,"minecraft:wooden_shovel":1,"minecraft:wooden_axe":1,"minecraft:stone_shovel":3},"minecraft:picked_up":{"minecraft:wooden_axe":1,"minecraft:birch_log":12,"minecraft:wheat":2,"minecraft:crafting_table":4,"minecraft:leather_chestplate":1,"minecraft:lilac":22,"minecraft:potato":5,"minecraft:birch_planks":5,"biomesoplenty:jacaranda_sapling":1,"minecraft:flint":2,"minecraft:oak_log":53,"minecraft:dirt":537,"minecraft:raw_copper":9,"biomesoplenty:tall_lavender":15,"minecraft:oak_sign":1,"minecraft:apple":5,"minecraft:wheat_seeds":20,"minecraft:bucket":1,"minecraft:oak_boat":4,"minecraft:rose_bush":1,"minecraft:sugar_cane":3,"minecraft:chest":2,"minecraft:oak_planks":11,"minecraft:egg":2,"minecraft:book":12,"minecraft:oak_slab":1,"minecraft:stick":9,"minecraft:torch":10,"minecraft:gravel":22,"minecraft:porkchop":3,"minecraft:diorite":35,"minecraft:white_bed":3,"biomesoplenty:jacaranda_leaves":51,"minecraft:arrow":2,"minecraft:rotten_flesh":2,"biomesoplenty:jacaranda_log":4,"minecraft:hay_block":15,"minecraft:granite":2,"minecraft:oak_sapling":13,"minecraft:mutton":1,"minecraft:coal":9,"minecraft:white_wool":1,"minecraft:cobblestone":202,"biomesoplenty:lavender":162},"minecraft:used":{"minecraft:wheat_seeds":18,"biomesoplenty:jacaranda_door":1,"minecraft:water_bucket":31,"minecraft:stone_sword":16,"minecraft:birch_planks":47,"minecraft:stone_pickaxe":262,"minecraft:stone_shovel":407,"minecraft:baked_potato":11,"minecraft:oak_planks":105,"minecraft:oak_sign":2,"minecraft:chest":2,"minecraft:wooden_pickaxe":3,"biomesoplenty:lavender":7,"minecraft:wooden_shovel":59,"minecraft:sugar_cane":3,"minecraft:torch":12,"minecraft:dirt":528,"minecraft:oak_slab":4,"minecraft:crafting_table":5,"minecraft:white_bed":3,"minecraft:granite":2,"minecraft:wooden_hoe":24,"minecraft:wooden_axe":98,"minecraft:bread":8,"biomesoplenty:tall_lavender":2,"minecraft:lilac":3,"biomesoplenty:jacaranda_sapling":1,"minecraft:stone_axe":19,"minecraft:cobblestone":26,"minecraft:hay_block":1,"minecraft:oak_sapling":6,"minecraft:furnace":1,"minecraft:bucket":32,"minecraft:oak_boat":4,"minecraft:potato":10,"biomesoplenty:jacaranda_fence":6,"minecraft:magenta_dye":1},"minecraft:crafted":{"minecraft:oak_slab":6,"minecraft:oak_planks":152,"minecraft:wooden_shovel":1,"minecraft:stone_shovel":3,"minecraft:oak_sign":3,"biomesoplenty:jacaranda_planks":16,"minecraft:crafting_table":2,"minecraft:wooden_pickaxe":1,"minecraft:baked_potato":35,"minecraft:furnace":1,"minecraft:birch_planks":48,"minecraft:stone_axe":1,"minecraft:bread":6,"biomesoplenty:jacaranda_fence":6,"minecraft:oak_boat":1,"minecraft:wooden_hoe":1,"minecraft:stick":24,"minecraft:stone_pickaxe":3,"minecraft:wooden_axe":2,"minecraft:stone_sword":1,"biomesoplenty:jacaranda_door":3,"minecraft:torch":8,"minecraft:magenta_dye":4,"minecraft:wheat":126},"minecraft:dropped":{"biomesoplenty:lavender":27,"minecraft:leather_chestplate":1,"minecraft:dirt":9,"minecraft:wooden_axe":1,"biomesoplenty:tall_lavender":1}},"DataVersion":3463}