{"stats":{"minecraft:dropped":{"minecraft:water_bucket":1,"minecraft:bread":4,"minecraft:wheat_seeds":4,"minecraft:lilac":1,"biomesoplenty:lavender":854,"minecraft:stick":2,"minecraft:dirt":9,"minecraft:grass":5,"minecraft:dark_oak_log":1,"minecraft:wooden_axe":1,"biomesoplenty:glowflower":1,"minecraft:cauldron":3,"minecraft:rotten_flesh":3,"minecraft:leather_chestplate":1,"minecraft:potato":1,"minecraft:birch_boat":1,"biomesoplenty:bush":2,"minecraft:arrow":2,"biomesoplenty:tall_lavender":35},"minecraft:custom":{"minecraft:mob_kills":103,"minecraft:interact_with_crafting_table":109,"minecraft:leave_game":48,"minecraft:time_since_death":45287,"minecraft:climb_one_cm":1584,"minecraft:sprint_one_cm":1244605,"minecraft:walk_one_cm":1571899,"minecraft:drop":65,"minecraft:talked_to_villager":11,"minecraft:play_time":612200,"minecraft:sneak_time":20130,"minecraft:deaths":11,"minecraft:walk_under_water_one_cm":37330,"minecraft:boat_one_cm":699134,"minecraft:jump":7490,"minecraft:interact_with_blast_furnace":2,"minecraft:walk_on_water_one_cm":98780,"minecraft:total_world_time":612200,"minecraft:interact_with_furnace":64,"tombstone:raider_killed":4,"minecraft:traded_with_villager":1,"minecraft:raid_trigger":1,"minecraft:sleep_in_bed":20,"minecraft:time_since_rest":30432,"minecraft:waystone_activated":3,"minecraft:damage_taken":6516,"minecraft:damage_dealt":20840,"minecraft:crouch_one_cm":93369,"minecraft:swim_one_cm":27216,"minecraft:fly_one_cm":1321266,"minecraft:open_chest":280,"tombstone:undead_killed":62,"minecraft:fall_one_cm":171805,"minecraft:interact_with_smoker":4,"minecraft:horse_one_cm":1275},"minecraft:killed_by":{"minecraft:creeper":1,"minecraft:cave_spider":2,"minecraft:skeleton":3,"minecraft:zombie":4},"minecraft:killed":{"minecraft:cave_spider":3,"minecraft:spider":7,"minecraft:skeleton":26,"minecraft:chicken":1,"minecraft:pig":12,"minecraft:creeper":2,"minecraft:sheep":1,"minecraft:pillager":4,"minecraft:zombie":37,"minecraft:enderman":3,"minecraft:cow":3},"minecraft:used":{"minecraft:stone_sword":49,"minecraft:iron_shovel":2901,"minecraft:flint_and_steel":2,"minecraft:smooth_quartz_slab":30,"minecraft:stone_shovel":407,"minecraft:oak_sign":3,"minecraft:chest":6,"minecraft:iron_sword":247,"minecraft:wooden_shovel":59,"minecraft:torch":128,"minecraft:brewing_stand":1,"minecraft:dirt":3420,"minecraft:carrot":5,"minecraft:tuff":2,"minecraft:granite":2,"minecraft:obsidian":2,"biomesoplenty:redwood_log":3,"minecraft:wooden_axe":98,"minecraft:iron_axe":361,"biomesoplenty:tall_lavender":2,"biomesoplenty:jacaranda_sapling":1,"minecraft:hay_block":1,"minecraft:oak_sapling":6,"minecraft:furnace":2,"tombstone:gift":5,"minecraft:potato":88,"biomesoplenty:jacaranda_fence":9,"minecraft:cobbled_deepslate":25,"minecraft:magenta_dye":1,"minecraft:water_bucket":153,"minecraft:wheat_seeds":104,"biomesoplenty:jacaranda_door":1,"minecraft:diorite":24,"minecraft:baked_potato":51,"minecraft:birch_planks":58,"biomesoplenty:magic_log":8,"minecraft:stone_pickaxe":335,"minecraft:oak_planks":120,"minecraft:wooden_pickaxe":3,"minecraft:sugar_cane":14,"biomesoplenty:lavender":7,"minecraft:oak_leaves":167,"minecraft:oak_slab":5,"minecraft:blast_furnace":1,"minecraft:crafting_table":6,"minecraft:white_bed":3,"minecraft:shears":203,"tombstone:bag_of_seeds":1,"minecraft:wooden_hoe":58,"minecraft:bread":57,"minecraft:iron_pickaxe":605,"minecraft:lilac":4,"minecraft:stone_axe":19,"minecraft:gravel":5,"minecraft:cobblestone":108,"minecraft:cooked_porkchop":6,"minecraft:andesite":1,"minecraft:bucket":156,"biomesoplenty:dead_sapling":1,"minecraft:oak_boat":14,"minecraft:smooth_stone_slab":74,"minecraft:smooth_stone":2},"minecraft:broken":{"minecraft:iron_shovel":10,"minecraft:wooden_shovel":1,"minecraft:stone_pickaxe":2,"minecraft:iron_axe":1,"minecraft:iron_pickaxe":2,"minecraft:wooden_axe":1,"minecraft:stone_shovel":3},"minecraft:crafted":{"minecraft:smooth_stone":64,"minecraft:oak_planks":204,"minecraft:stone_shovel":3,"minecraft:oak_sign":3,"minecraft:smooth_stone_slab":84,"minecraft:furnace":2,"minecraft:stone":64,"biomesoplenty:dead_sapling":1,"minecraft:quartz_block":9,"minecraft:iron_boots":1,"minecraft:iron_axe":2,"minecraft:stone_pickaxe":4,"minecraft:smooth_quartz_slab":48,"minecraft:chest":4,"biomesoplenty:jacaranda_door":3,"minecraft:magenta_dye":4,"minecraft:wheat":126,"minecraft:oak_slab":6,"minecraft:wooden_shovel":1,"minecraft:smooth_quartz":40,"biomesoplenty:jacaranda_planks":40,"minecraft:cooked_porkchop":20,"minecraft:crafting_table":3,"minecraft:iron_helmet":1,"minecraft:wooden_pickaxe":1,"minecraft:baked_potato":71,"minecraft:iron_sword":1,"minecraft:bucket":2,"minecraft:birch_planks":112,"minecraft:stone_axe":1,"minecraft:bread":46,"minecraft:air":0,"biomesoplenty:jacaranda_fence":9,"minecraft:oak_boat":2,"minecraft:wooden_hoe":1,"minecraft:iron_chestplate":1,"minecraft:stick":76,"minecraft:iron_ingot":134,"minecraft:iron_pickaxe":5,"minecraft:wooden_axe":2,"minecraft:stone_sword":1,"minecraft:iron_shovel":12,"minecraft:iron_leggings":1,"minecraft:gold_ingot":11,"minecraft:torch":64,"minecraft:shears":1},"minecraft:mined":{"minecraft:tuff":2,"minecraft:white_bed":3,"minecraft:oak_sapling":3,"minecraft:deepslate_diamond_ore":1,"minecraft:dark_oak_log":1,"minecraft:brewing_stand":1,"biomesoplenty:burning_blossom":1,"minecraft:granite":9,"biomesoplenty:bush":48,"biomesoplenty:bramble":1,"minecraft:allium":6,"minecraft:grass_block":2643,"biomesoplenty:flowering_oak_leaves":1,"biomesoplenty:jacaranda_sapling":1,"minecraft:oak_wall_sign":2,"minecraft:spawner":3,"minecraft:hay_block":77,"minecraft:smooth_stone":2,"biomesoplenty:jacaranda_log":76,"biomesoplenty:tall_lavender":60,"minecraft:redstone_ore":2,"minecraft:carrots":5,"minecraft:iron_ore":160,"minecraft:fire":1,"biomesoplenty:lavender":964,"minecraft:andesite":14,"minecraft:deepslate_lapis_ore":5,"biomesoplenty:flesh":5,"biomesoplenty:magic_log":51,"minecraft:bell":1,"minecraft:bookshelf":4,"minecraft:potatoes":48,"minecraft:dirt_path":3,"minecraft:water_cauldron":3,"minecraft:deepslate_iron_ore":18,"biomesoplenty:redwood_log":13,"biomesoplenty:glowflower":1,"biomesoplenty:flesh_tendons_strand":1,"minecraft:stone":338,"biomesoplenty:jacaranda_leaves":28,"minecraft:deepslate_redstone_ore":7,"biomesoplenty:porous_flesh":4,"minecraft:oak_slab":1,"minecraft:oak_fence":2,"minecraft:crafting_table":4,"minecraft:torch":18,"minecraft:blast_furnace":1,"minecraft:chest":2,"minecraft:rose_bush":1,"minecraft:nether_quartz_ore":36,"minecraft:copper_ore":4,"minecraft:tall_grass":19,"minecraft:cobblestone":20,"biomesoplenty:sprout":4,"minecraft:deepslate_gold_ore":9,"minecraft:lapis_ore":15,"minecraft:oak_planks":22,"minecraft:sugar_cane":71,"minecraft:diorite":68,"minecraft:wall_torch":47,"minecraft:birch_planks":5,"minecraft:warped_nylium":4,"biomesoplenty:magic_leaves":3,"biomesoplenty:blue_hydrangea":6,"minecraft:birch_log":29,"minecraft:wheat":78,"biomesoplenty:hair":1,"minecraft:lilac":29,"minecraft:smooth_stone_slab":2,"biomesoplenty:clover":3,"minecraft:grass":380,"minecraft:coal_ore":123,"minecraft:oak_log":109,"biomesoplenty:redwood_leaves":16,"minecraft:gravel":53,"minecraft:sand":1,"minecraft:dirt":702,"minecraft:cobweb":11,"minecraft:netherrack":18,"minecraft:gold_ore":14,"minecraft:deepslate":21,"minecraft:oak_leaves":281,"biomesoplenty:reed":3},"minecraft:picked_up":{"minecraft:wooden_axe":1,"biomesoplenty:redwood_log":13,"minecraft:allium":6,"minecraft:crafting_table":4,"biomesoplenty:burning_blossom":1,"minecraft:wheat":69,"minecraft:chicken":1,"biomesoplenty:flesh":5,"biomesoplenty:jacaranda_sapling":6,"minecraft:brewing_stand":1,"minecraft:string":22,"minecraft:raw_copper":32,"minecraft:smooth_stone_slab":3,"biomesoplenty:tall_lavender":57,"minecraft:oak_sign":2,"minecraft:cobbled_deepslate":25,"minecraft:smooth_stone":2,"minecraft:bucket":1,"minecraft:beef":7,"minecraft:oak_boat":14,"minecraft:rose_bush":1,"minecraft:sugar_cane":111,"minecraft:chest":2,"minecraft:egg":4,"minecraft:stick":22,"minecraft:raw_iron":179,"minecraft:oak_fence":3,"minecraft:torch":70,"minecraft:porkchop":23,"tombstone:grave_dust":13,"minecraft:diorite":67,"minecraft:carrot":5,"minecraft:redstone":41,"minecraft:cauldron":3,"minecraft:arrow":28,"biomesoplenty:blue_hydrangea":11,"minecraft:rotten_flesh":45,"biomesoplenty:jacaranda_log":76,"minecraft:hay_block":79,"tombstone:essence_of_undeath":1,"biomesoplenty:redwood_sapling":3,"minecraft:mutton":1,"minecraft:rail":1,"minecraft:white_wool":1,"minecraft:cobblestone":377,"biomesoplenty:lavender":1324,"minecraft:birch_log":28,"minecraft:leather_chestplate":1,"minecraft:feather":2,"minecraft:lilac":24,"minecraft:water_bucket":1,"minecraft:andesite":12,"minecraft:leather":3,"minecraft:potato":183,"minecraft:birch_planks":8,"minecraft:flint":7,"minecraft:tuff":2,"minecraft:oak_log":109,"minecraft:gunpowder":1,"minecraft:lapis_lazuli":133,"minecraft:dirt":3538,"minecraft:white_banner":2,"biomesoplenty:bush":2,"minecraft:bone":25,"minecraft:apple":6,"minecraft:bow":2,"minecraft:wheat_seeds":267,"minecraft:raw_gold":23,"minecraft:bell":1,"minecraft:iron_ingot":1,"biomesoplenty:magic_log":51,"tombstone:bag_of_seeds":2,"minecraft:oak_planks":27,"minecraft:book":12,"biomesoplenty:magic_sapling":5,"minecraft:oak_slab":2,"minecraft:birch_boat":1,"minecraft:quartz":36,"minecraft:poisonous_potato":2,"minecraft:gravel":46,"minecraft:sand":1,"biomesoplenty:porous_flesh":4,"minecraft:blast_furnace":1,"minecraft:ink_sac":3,"minecraft:white_bed":3,"biomesoplenty:jacaranda_leaves":51,"minecraft:dark_oak_log":1,"minecraft:spider_eye":4,"biomesoplenty:glowflower":1,"minecraft:bundle":1,"minecraft:pumpkin_seeds":5,"biomesoplenty:bramble":3,"tombstone:familiar_stone":1,"minecraft:diamond":2,"minecraft:granite":9,"minecraft:grass":5,"minecraft:bread":2,"tombstone:magic_scroll":1,"minecraft:oak_sapling":16,"minecraft:netherrack":22,"minecraft:coal":123,"minecraft:oak_leaves":200,"minecraft:ender_pearl":2}},"DataVersion":3463}