{"stats":{"minecraft:killed":{"minecraft:spider":1,"minecraft:skeleton":2,"minecraft:pig":2,"minecraft:sheep":1,"minecraft:zombie":4},"minecraft:custom":{"minecraft:mob_kills":10,"minecraft:interact_with_crafting_table":46,"minecraft:leave_game":15,"minecraft:time_since_death":1195,"minecraft:sprint_one_cm":316709,"minecraft:walk_one_cm":351402,"minecraft:drop":13,"minecraft:talked_to_villager":7,"minecraft:play_time":165101,"minecraft:deaths":4,"minecraft:sneak_time":6110,"minecraft:walk_under_water_one_cm":6462,"minecraft:boat_one_cm":178290,"minecraft:jump":1900,"minecraft:walk_on_water_one_cm":19046,"minecraft:total_world_time":165101,"minecraft:interact_with_furnace":9,"minecraft:sleep_in_bed":4,"minecraft:time_since_rest":1352,"minecraft:waystone_activated":1,"minecraft:damage_taken":1448,"minecraft:damage_dealt":2100,"minecraft:swim_one_cm":13259,"minecraft:fly_one_cm":346483,"minecraft:open_chest":87,"minecraft:crouch_one_cm":28617,"tombstone:undead_killed":5,"minecraft:interact_with_smoker":4,"minecraft:fall_one_cm":38824},"minecraft:mined":{"minecraft:white_bed":3,"minecraft:oak_sapling":3,"minecraft:granite":2,"biomesoplenty:bush":37,"minecraft:grass_block":250,"biomesoplenty:flowering_oak_leaves":1,"minecraft:oak_wall_sign":1,"minecraft:spawner":1,"minecraft:hay_block":15,"biomesoplenty:jacaranda_log":4,"minecraft:redstone_ore":2,"biomesoplenty:tall_lavender":14,"minecraft:iron_ore":59,"biomesoplenty:lavender":161,"minecraft:andesite":5,"minecraft:bookshelf":4,"minecraft:potatoes":2,"minecraft:stone":228,"biomesoplenty:jacaranda_leaves":3,"minecraft:oak_slab":1,"minecraft:crafting_table":4,"minecraft:torch":1,"minecraft:chest":2,"minecraft:rose_bush":1,"minecraft:tall_grass":11,"minecraft:copper_ore":2,"minecraft:cobblestone":8,"minecraft:lapis_ore":9,"minecraft:sugar_cane":1,"minecraft:oak_planks":13,"minecraft:diorite":36,"minecraft:wall_torch":11,"minecraft:birch_planks":5,"minecraft:birch_log":12,"minecraft:wheat":2,"minecraft:lilac":26,"minecraft:grass":76,"minecraft:oak_log":53,"minecraft:coal_ore":30,"minecraft:gravel":24,"minecraft:dirt":252,"minecraft:cobweb":11,"minecraft:gold_ore":12,"minecraft:oak_leaves":60,"biomesoplenty:reed":3},"minecraft:killed_by":{"minecraft:cave_spider":1,"minecraft:zombie":2},"minecraft:broken":{"minecraft:wooden_shovel":1,"minecraft:stone_pickaxe":2,"minecraft:wooden_axe":1,"minecraft:stone_shovel":3},"minecraft:picked_up":{"minecraft:wooden_axe":1,"minecraft:crafting_table":4,"minecraft:wheat":2,"biomesoplenty:jacaranda_sapling":1,"minecraft:string":15,"minecraft:raw_copper":9,"biomesoplenty:tall_lavender":15,"minecraft:oak_sign":1,"minecraft:bucket":1,"minecraft:oak_boat":4,"minecraft:rose_bush":1,"minecraft:sugar_cane":3,"minecraft:chest":2,"minecraft:egg":2,"minecraft:stick":9,"minecraft:raw_iron":59,"minecraft:oak_fence":1,"minecraft:torch":12,"minecraft:porkchop":3,"minecraft:diorite":36,"minecraft:redstone":9,"minecraft:arrow":3,"minecraft:rotten_flesh":4,"biomesoplenty:jacaranda_log":4,"minecraft:hay_block":15,"minecraft:mutton":1,"minecraft:cobblestone":238,"minecraft:white_wool":1,"minecraft:rail":1,"biomesoplenty:lavender":162,"minecraft:birch_log":12,"minecraft:leather_chestplate":1,"minecraft:lilac":22,"minecraft:andesite":3,"minecraft:potato":5,"minecraft:birch_planks":5,"minecraft:flint":2,"minecraft:oak_log":53,"minecraft:lapis_lazuli":60,"minecraft:dirt":537,"minecraft:apple":5,"minecraft:wheat_seeds":20,"minecraft:raw_gold":12,"minecraft:oak_planks":14,"minecraft:book":12,"minecraft:oak_slab":1,"minecraft:gravel":22,"minecraft:white_bed":3,"biomesoplenty:jacaranda_leaves":51,"minecraft:granite":2,"minecraft:oak_sapling":13,"minecraft:coal":30},"minecraft:used":{"minecraft:stone_sword":49,"minecraft:stone_shovel":407,"minecraft:oak_sign":2,"minecraft:chest":2,"minecraft:wooden_shovel":59,"minecraft:torch":18,"minecraft:dirt":528,"minecraft:granite":2,"minecraft:wooden_axe":98,"biomesoplenty:tall_lavender":2,"biomesoplenty:jacaranda_sapling":1,"minecraft:hay_block":1,"minecraft:oak_sapling":6,"minecraft:furnace":2,"tombstone:gift":1,"minecraft:potato":10,"biomesoplenty:jacaranda_fence":6,"minecraft:magenta_dye":1,"minecraft:wheat_seeds":18,"biomesoplenty:jacaranda_door":1,"minecraft:water_bucket":31,"minecraft:birch_planks":47,"minecraft:stone_pickaxe":316,"minecraft:baked_potato":15,"minecraft:oak_planks":107,"minecraft:wooden_pickaxe":3,"biomesoplenty:lavender":7,"minecraft:sugar_cane":3,"minecraft:oak_slab":4,"minecraft:crafting_table":5,"minecraft:white_bed":3,"minecraft:wooden_hoe":24,"minecraft:bread":8,"minecraft:iron_pickaxe":88,"minecraft:lilac":3,"minecraft:stone_axe":19,"minecraft:cobblestone":43,"minecraft:bucket":32,"minecraft:oak_boat":4},"minecraft:crafted":{"minecraft:oak_planks":152,"minecraft:stone_shovel":3,"minecraft:oak_sign":3,"minecraft:furnace":2,"minecraft:stone_pickaxe":3,"biomesoplenty:jacaranda_door":3,"minecraft:magenta_dye":4,"minecraft:wheat":126,"minecraft:oak_slab":6,"minecraft:wooden_shovel":1,"biomesoplenty:jacaranda_planks":16,"minecraft:crafting_table":2,"minecraft:wooden_pickaxe":1,"minecraft:baked_potato":35,"minecraft:birch_planks":48,"minecraft:stone_axe":1,"minecraft:bread":6,"minecraft:air":0,"biomesoplenty:jacaranda_fence":6,"minecraft:oak_boat":1,"minecraft:wooden_hoe":1,"minecraft:stick":28,"minecraft:iron_ingot":3,"minecraft:iron_pickaxe":1,"minecraft:wooden_axe":2,"minecraft:stone_sword":1,"minecraft:torch":8},"minecraft:dropped":{"biomesoplenty:lavender":27,"minecraft:dirt":9,"minecraft:wooden_axe":1,"minecraft:leather_chestplate":1,"biomesoplenty:tall_lavender":1}},"DataVersion":3463}