{"stats":{"minecraft:killed":{"minecraft:pig":2,"minecraft:skeleton":1,"minecraft:zombie":1},"minecraft:custom":{"minecraft:mob_kills":4,"minecraft:interact_with_crafting_table":11,"minecraft:leave_game":8,"minecraft:time_since_death":48125,"minecraft:sleep_in_bed":2,"minecraft:time_since_rest":227,"minecraft:waystone_activated":1,"minecraft:sprint_one_cm":138332,"minecraft:damage_taken":655,"minecraft:walk_one_cm":73654,"minecraft:drop":2,"minecraft:damage_dealt":547,"minecraft:swim_one_cm":6708,"minecraft:talked_to_villager":7,"minecraft:fly_one_cm":222107,"minecraft:open_chest":27,"minecraft:crouch_one_cm":518,"minecraft:play_time":59325,"tombstone:undead_killed":1,"minecraft:deaths":1,"minecraft:sneak_time":154,"minecraft:walk_under_water_one_cm":2414,"minecraft:boat_one_cm":99000,"minecraft:jump":920,"minecraft:walk_on_water_one_cm":3349,"minecraft:interact_with_smoker":4,"minecraft:total_world_time":59325,"minecraft:fall_one_cm":25023},"minecraft:mined":{"biomesoplenty:jacaranda_leaves":3,"minecraft:white_bed":3,"minecraft:crafting_table":4,"minecraft:granite":2,"minecraft:grass_block":3,"minecraft:chest":2,"minecraft:rose_bush":1,"minecraft:tall_grass":10,"minecraft:sugar_cane":1,"minecraft:oak_wall_sign":1,"minecraft:hay_block":15,"biomesoplenty:jacaranda_log":4,"biomesoplenty:tall_lavender":2,"minecraft:birch_log":12,"minecraft:lilac":2,"biomesoplenty:lavender":19,"minecraft:grass":11,"minecraft:bookshelf":4,"minecraft:oak_log":28,"minecraft:dirt":3,"minecraft:stone":6,"minecraft:oak_leaves":4,"biomesoplenty:reed":3},"minecraft:killed_by":{"minecraft:zombie":1},"minecraft:picked_up":{"minecraft:wooden_axe":1,"biomesoplenty:lavender":14,"minecraft:birch_log":12,"minecraft:crafting_table":4,"minecraft:leather_chestplate":1,"minecraft:lilac":2,"biomesoplenty:jacaranda_sapling":1,"minecraft:oak_log":28,"minecraft:dirt":6,"biomesoplenty:tall_lavender":2,"minecraft:oak_sign":1,"minecraft:wheat_seeds":4,"minecraft:oak_boat":3,"minecraft:rose_bush":1,"minecraft:sugar_cane":3,"minecraft:chest":2,"minecraft:egg":2,"minecraft:book":12,"minecraft:porkchop":3,"minecraft:white_bed":3,"biomesoplenty:jacaranda_leaves":51,"minecraft:arrow":2,"minecraft:rotten_flesh":1,"biomesoplenty:jacaranda_log":4,"minecraft:hay_block":15,"minecraft:granite":2,"minecraft:oak_sapling":1,"minecraft:cobblestone":6},"minecraft:used":{"minecraft:stone_pickaxe":13,"minecraft:baked_potato":4,"minecraft:oak_sign":1,"minecraft:wooden_pickaxe":3,"minecraft:dirt":5,"minecraft:crafting_table":4,"minecraft:white_bed":2,"minecraft:granite":2,"minecraft:wooden_axe":59,"minecraft:bread":8,"minecraft:cobblestone":2,"minecraft:hay_block":1,"minecraft:oak_boat":3},"minecraft:crafted":{"minecraft:oak_planks":112,"minecraft:crafting_table":2,"minecraft:wooden_pickaxe":1,"minecraft:baked_potato":35,"minecraft:bread":6,"minecraft:oak_boat":1,"minecraft:stick":8,"minecraft:stone_pickaxe":1,"minecraft:wooden_axe":1,"minecraft:wheat":126},"minecraft:dropped":{"minecraft:leather_chestplate":1,"minecraft:wooden_axe":1}},"DataVersion":3463}