{"stats":{"minecraft:killed":{"minecraft:pig":2,"minecraft:sheep":1,"minecraft:skeleton":1,"minecraft:zombie":1},"minecraft:mined":{"biomesoplenty:jacaranda_leaves":3,"minecraft:oak_slab":1,"minecraft:white_bed":3,"minecraft:oak_sapling":3,"minecraft:crafting_table":4,"minecraft:torch":1,"minecraft:granite":2,"biomesoplenty:bush":35,"minecraft:grass_block":187,"minecraft:chest":2,"minecraft:rose_bush":1,"minecraft:copper_ore":2,"minecraft:cobblestone":6,"minecraft:tall_grass":10,"minecraft:oak_planks":11,"minecraft:sugar_cane":1,"minecraft:diorite":35,"minecraft:oak_wall_sign":1,"minecraft:wall_torch":5,"minecraft:birch_planks":5,"minecraft:hay_block":15,"biomesoplenty:jacaranda_log":4,"biomesoplenty:tall_lavender":10,"minecraft:birch_log":12,"minecraft:lilac":26,"biomesoplenty:lavender":135,"minecraft:grass":74,"minecraft:coal_ore":9,"minecraft:bookshelf":4,"minecraft:oak_log":38,"minecraft:dirt":89,"minecraft:stone":195,"minecraft:oak_leaves":57,"biomesoplenty:reed":3},"minecraft:custom":{"minecraft:interact_with_furnace":3,"minecraft:mob_kills":5,"minecraft:interact_with_crafting_table":43,"minecraft:leave_game":9,"minecraft:time_since_death":55164,"minecraft:sleep_in_bed":4,"minecraft:time_since_rest":27889,"minecraft:waystone_activated":1,"minecraft:sprint_one_cm":199066,"minecraft:damage_taken":765,"minecraft:walk_one_cm":217491,"minecraft:drop":13,"minecraft:damage_dealt":627,"minecraft:swim_one_cm":8452,"minecraft:talked_to_villager":7,"minecraft:fly_one_cm":295576,"minecraft:open_chest":68,"minecraft:crouch_one_cm":8970,"minecraft:play_time":115162,"tombstone:undead_killed":1,"minecraft:deaths":2,"minecraft:sneak_time":2018,"minecraft:walk_under_water_one_cm":4154,"minecraft:boat_one_cm":178290,"minecraft:jump":1419,"minecraft:walk_on_water_one_cm":14811,"minecraft:interact_with_smoker":4,"minecraft:total_world_time":115162,"minecraft:fall_one_cm":34239},"minecraft:broken":{"minecraft:wooden_axe":1,"minecraft:stone_shovel":1,"minecraft:stone_pickaxe":1},"minecraft:killed_by":{"minecraft:zombie":2},"minecraft:picked_up":{"minecraft:wooden_axe":1,"biomesoplenty:lavender":94,"minecraft:birch_log":12,"minecraft:crafting_table":4,"minecraft:leather_chestplate":1,"minecraft:lilac":22,"minecraft:birch_planks":5,"biomesoplenty:jacaranda_sapling":1,"minecraft:oak_log":38,"minecraft:dirt":283,"minecraft:raw_copper":9,"biomesoplenty:tall_lavender":9,"minecraft:oak_sign":1,"minecraft:apple":5,"minecraft:wheat_seeds":12,"minecraft:bucket":1,"minecraft:oak_boat":4,"minecraft:rose_bush":1,"minecraft:sugar_cane":3,"minecraft:chest":2,"minecraft:oak_planks":11,"minecraft:oak_slab":1,"minecraft:egg":2,"minecraft:book":12,"minecraft:stick":7,"minecraft:torch":6,"minecraft:porkchop":3,"minecraft:diorite":35,"minecraft:white_bed":3,"biomesoplenty:jacaranda_leaves":51,"minecraft:arrow":2,"minecraft:rotten_flesh":1,"biomesoplenty:jacaranda_log":4,"minecraft:hay_block":15,"minecraft:granite":2,"minecraft:oak_sapling":13,"minecraft:mutton":1,"minecraft:coal":9,"minecraft:white_wool":1,"minecraft:cobblestone":197},"minecraft:used":{"minecraft:wheat_seeds":11,"biomesoplenty:jacaranda_door":1,"minecraft:water_bucket":4,"minecraft:birch_planks":47,"minecraft:stone_shovel":223,"minecraft:stone_pickaxe":257,"minecraft:baked_potato":7,"minecraft:oak_planks":105,"minecraft:oak_sign":2,"minecraft:chest":2,"minecraft:wooden_pickaxe":3,"biomesoplenty:lavender":7,"minecraft:wooden_shovel":38,"minecraft:sugar_cane":3,"minecraft:torch":8,"minecraft:dirt":196,"minecraft:oak_slab":4,"minecraft:crafting_table":5,"minecraft:white_bed":3,"minecraft:granite":2,"minecraft:wooden_hoe":19,"minecraft:wooden_axe":98,"minecraft:bread":8,"biomesoplenty:tall_lavender":2,"minecraft:lilac":3,"biomesoplenty:jacaranda_sapling":1,"minecraft:cobblestone":26,"minecraft:hay_block":1,"minecraft:furnace":1,"minecraft:oak_sapling":6,"minecraft:bucket":5,"minecraft:oak_boat":4,"minecraft:potato":8,"biomesoplenty:jacaranda_fence":6,"minecraft:magenta_dye":1},"minecraft:crafted":{"minecraft:oak_slab":6,"minecraft:oak_planks":152,"minecraft:wooden_shovel":1,"minecraft:stone_shovel":3,"minecraft:oak_sign":3,"biomesoplenty:jacaranda_planks":16,"minecraft:crafting_table":2,"minecraft:wooden_pickaxe":1,"minecraft:baked_potato":35,"minecraft:furnace":1,"minecraft:birch_planks":48,"minecraft:stone_axe":1,"minecraft:bread":6,"biomesoplenty:jacaranda_fence":6,"minecraft:oak_boat":1,"minecraft:wooden_hoe":1,"minecraft:stick":24,"minecraft:stone_pickaxe":3,"minecraft:wooden_axe":2,"minecraft:stone_sword":1,"biomesoplenty:jacaranda_door":3,"minecraft:torch":4,"minecraft:magenta_dye":4,"minecraft:wheat":126},"minecraft:dropped":{"biomesoplenty:lavender":27,"minecraft:dirt":9,"minecraft:leather_chestplate":1,"minecraft:wooden_axe":1,"biomesoplenty:tall_lavender":1}},"DataVersion":3463}