{"stats":{"minecraft:dropped":{"minecraft:bread":2,"minecraft:wheat_seeds":1,"biomesoplenty:lavender":27,"minecraft:dirt":9,"minecraft:wooden_axe":1,"minecraft:leather_chestplate":1,"minecraft:birch_boat":1,"biomesoplenty:tall_lavender":1},"minecraft:custom":{"minecraft:mob_kills":12,"minecraft:interact_with_crafting_table":51,"minecraft:leave_game":26,"minecraft:time_since_death":31912,"minecraft:sprint_one_cm":460916,"minecraft:walk_one_cm":521045,"minecraft:drop":17,"minecraft:talked_to_villager":7,"minecraft:play_time":230489,"minecraft:deaths":9,"minecraft:sneak_time":6899,"minecraft:walk_under_water_one_cm":11968,"minecraft:boat_one_cm":309749,"minecraft:jump":2486,"minecraft:walk_on_water_one_cm":23789,"minecraft:total_world_time":230489,"minecraft:interact_with_furnace":13,"minecraft:sleep_in_bed":4,"minecraft:time_since_rest":32099,"minecraft:waystone_activated":3,"minecraft:damage_taken":2788,"minecraft:damage_dealt":2618,"minecraft:swim_one_cm":21320,"minecraft:fly_one_cm":420660,"minecraft:open_chest":114,"minecraft:crouch_one_cm":30503,"tombstone:undead_killed":7,"minecraft:interact_with_smoker":4,"minecraft:fall_one_cm":50370,"minecraft:horse_one_cm":1275},"minecraft:killed_by":{"minecraft:cave_spider":2,"minecraft:skeleton":2,"minecraft:zombie":4},"minecraft:killed":{"minecraft:spider":1,"minecraft:skeleton":2,"minecraft:pig":2,"minecraft:sheep":1,"minecraft:zombie":6},"minecraft:used":{"minecraft:stone_sword":49,"minecraft:iron_shovel":102,"minecraft:stone_shovel":407,"minecraft:oak_sign":3,"minecraft:chest":2,"minecraft:wooden_shovel":59,"minecraft:torch":26,"minecraft:dirt":571,"minecraft:granite":2,"minecraft:wooden_axe":98,"minecraft:iron_axe":15,"biomesoplenty:tall_lavender":2,"biomesoplenty:jacaranda_sapling":1,"minecraft:hay_block":1,"minecraft:oak_sapling":6,"minecraft:furnace":2,"tombstone:gift":3,"minecraft:potato":33,"biomesoplenty:jacaranda_fence":6,"minecraft:magenta_dye":1,"minecraft:wheat_seeds":37,"biomesoplenty:jacaranda_door":1,"minecraft:water_bucket":31,"minecraft:birch_planks":47,"minecraft:stone_pickaxe":335,"minecraft:baked_potato":17,"minecraft:oak_planks":111,"minecraft:wooden_pickaxe":3,"biomesoplenty:lavender":7,"minecraft:sugar_cane":3,"minecraft:oak_slab":4,"minecraft:crafting_table":5,"minecraft:white_bed":3,"minecraft:wooden_hoe":41,"minecraft:bread":11,"minecraft:iron_pickaxe":88,"minecraft:lilac":3,"minecraft:stone_axe":19,"minecraft:cobblestone":47,"minecraft:bucket":32,"minecraft:oak_boat":4},"minecraft:broken":{"minecraft:wooden_shovel":1,"minecraft:stone_pickaxe":2,"minecraft:wooden_axe":1,"minecraft:stone_shovel":3},"minecraft:crafted":{"minecraft:oak_planks":152,"minecraft:stone_shovel":3,"minecraft:oak_sign":3,"minecraft:furnace":2,"minecraft:iron_axe":1,"minecraft:stone_pickaxe":4,"biomesoplenty:jacaranda_door":3,"minecraft:magenta_dye":4,"minecraft:wheat":126,"minecraft:oak_slab":6,"minecraft:wooden_shovel":1,"biomesoplenty:jacaranda_planks":16,"minecraft:crafting_table":2,"minecraft:wooden_pickaxe":1,"minecraft:baked_potato":38,"minecraft:birch_planks":48,"minecraft:stone_axe":1,"minecraft:bread":21,"minecraft:air":0,"biomesoplenty:jacaranda_fence":6,"minecraft:oak_boat":1,"minecraft:wooden_hoe":1,"minecraft:stick":36,"minecraft:iron_ingot":18,"minecraft:iron_pickaxe":2,"minecraft:wooden_axe":2,"minecraft:stone_sword":1,"minecraft:iron_shovel":1,"minecraft:torch":12},"minecraft:mined":{"minecraft:white_bed":3,"minecraft:oak_sapling":3,"minecraft:granite":2,"biomesoplenty:bush":37,"minecraft:grass_block":339,"biomesoplenty:flowering_oak_leaves":1,"minecraft:oak_wall_sign":2,"minecraft:spawner":1,"minecraft:hay_block":15,"biomesoplenty:jacaranda_log":10,"minecraft:redstone_ore":2,"biomesoplenty:tall_lavender":14,"minecraft:iron_ore":59,"biomesoplenty:lavender":161,"minecraft:andesite":5,"minecraft:bookshelf":4,"minecraft:potatoes":9,"minecraft:stone":238,"biomesoplenty:jacaranda_leaves":3,"minecraft:oak_slab":1,"minecraft:crafting_table":4,"minecraft:torch":4,"minecraft:chest":2,"minecraft:rose_bush":1,"minecraft:tall_grass":11,"minecraft:copper_ore":2,"minecraft:cobblestone":8,"minecraft:lapis_ore":9,"minecraft:sugar_cane":4,"minecraft:oak_planks":19,"minecraft:diorite":36,"minecraft:wall_torch":15,"minecraft:birch_planks":5,"minecraft:birch_log":12,"minecraft:wheat":15,"minecraft:lilac":26,"minecraft:grass":77,"minecraft:oak_log":60,"minecraft:coal_ore":30,"minecraft:gravel":24,"minecraft:dirt":263,"minecraft:cobweb":11,"minecraft:gold_ore":12,"minecraft:oak_leaves":62,"biomesoplenty:reed":3},"minecraft:picked_up":{"minecraft:wooden_axe":1,"minecraft:crafting_table":4,"minecraft:wheat":15,"biomesoplenty:jacaranda_sapling":2,"minecraft:string":15,"minecraft:raw_copper":9,"biomesoplenty:tall_lavender":15,"minecraft:oak_sign":2,"minecraft:cobbled_deepslate":4,"minecraft:bucket":1,"minecraft:oak_boat":4,"minecraft:rose_bush":1,"minecraft:sugar_cane":8,"minecraft:chest":2,"minecraft:egg":2,"minecraft:stick":10,"minecraft:raw_iron":60,"minecraft:oak_fence":1,"minecraft:torch":20,"minecraft:porkchop":3,"minecraft:diorite":36,"minecraft:redstone":9,"minecraft:arrow":3,"minecraft:rotten_flesh":6,"biomesoplenty:jacaranda_log":10,"minecraft:hay_block":15,"minecraft:mutton":1,"minecraft:cobblestone":252,"minecraft:white_wool":1,"minecraft:rail":1,"biomesoplenty:lavender":168,"minecraft:birch_log":12,"minecraft:leather_chestplate":1,"minecraft:lilac":22,"minecraft:andesite":3,"minecraft:potato":32,"minecraft:birch_planks":5,"minecraft:flint":2,"minecraft:oak_log":60,"minecraft:lapis_lazuli":60,"minecraft:dirt":636,"minecraft:apple":5,"minecraft:wheat_seeds":56,"minecraft:raw_gold":12,"minecraft:iron_ingot":1,"minecraft:oak_planks":20,"minecraft:book":12,"minecraft:oak_slab":1,"minecraft:birch_boat":1,"minecraft:gravel":22,"minecraft:white_bed":3,"biomesoplenty:jacaranda_leaves":51,"minecraft:diamond":1,"minecraft:granite":2,"minecraft:bread":2,"minecraft:oak_sapling":13,"minecraft:coal":30}},"DataVersion":3463}