{"stats":{"minecraft:dropped":{"minecraft:bread":2,"minecraft:wheat_seeds":1,"minecraft:lilac":1,"biomesoplenty:lavender":27,"minecraft:dirt":9,"minecraft:wooden_axe":1,"minecraft:leather_chestplate":1,"minecraft:birch_boat":1,"biomesoplenty:tall_lavender":1},"minecraft:custom":{"minecraft:mob_kills":25,"minecraft:interact_with_crafting_table":51,"minecraft:leave_game":32,"minecraft:time_since_death":2424,"minecraft:sprint_one_cm":522090,"minecraft:walk_one_cm":609512,"minecraft:drop":18,"minecraft:talked_to_villager":7,"minecraft:play_time":260859,"minecraft:deaths":10,"minecraft:sneak_time":8797,"minecraft:walk_under_water_one_cm":12054,"minecraft:boat_one_cm":309749,"minecraft:jump":3079,"minecraft:walk_on_water_one_cm":25590,"minecraft:total_world_time":260859,"minecraft:interact_with_furnace":15,"minecraft:sleep_in_bed":5,"minecraft:time_since_rest":2456,"minecraft:waystone_activated":3,"minecraft:damage_taken":3628,"minecraft:damage_dealt":5789,"minecraft:swim_one_cm":21320,"minecraft:fly_one_cm":492101,"minecraft:open_chest":116,"minecraft:crouch_one_cm":38618,"tombstone:undead_killed":18,"minecraft:interact_with_smoker":4,"minecraft:fall_one_cm":61747,"minecraft:horse_one_cm":1275},"minecraft:killed_by":{"minecraft:cave_spider":2,"minecraft:skeleton":3,"minecraft:zombie":4},"minecraft:killed":{"minecraft:spider":1,"minecraft:skeleton":8,"minecraft:pig":2,"minecraft:creeper":1,"minecraft:sheep":1,"minecraft:zombie":11},"minecraft:used":{"minecraft:stone_sword":49,"minecraft:iron_shovel":253,"minecraft:stone_shovel":407,"minecraft:oak_sign":3,"minecraft:chest":2,"minecraft:wooden_shovel":59,"minecraft:torch":31,"minecraft:dirt":782,"minecraft:tuff":2,"minecraft:granite":2,"minecraft:wooden_axe":98,"minecraft:iron_axe":66,"biomesoplenty:tall_lavender":2,"biomesoplenty:jacaranda_sapling":1,"minecraft:hay_block":1,"minecraft:oak_sapling":6,"minecraft:furnace":2,"tombstone:gift":4,"minecraft:potato":33,"biomesoplenty:jacaranda_fence":6,"minecraft:cobbled_deepslate":20,"minecraft:magenta_dye":1,"minecraft:wheat_seeds":37,"biomesoplenty:jacaranda_door":1,"minecraft:water_bucket":31,"minecraft:diorite":5,"minecraft:birch_planks":47,"minecraft:stone_pickaxe":335,"minecraft:baked_potato":25,"minecraft:oak_planks":111,"minecraft:wooden_pickaxe":3,"biomesoplenty:lavender":7,"minecraft:sugar_cane":3,"minecraft:oak_slab":4,"minecraft:crafting_table":5,"minecraft:white_bed":3,"minecraft:wooden_hoe":41,"minecraft:bread":14,"minecraft:iron_pickaxe":231,"minecraft:lilac":3,"minecraft:stone_axe":19,"minecraft:cobblestone":67,"minecraft:andesite":1,"minecraft:bucket":32,"minecraft:oak_boat":4},"minecraft:broken":{"minecraft:iron_shovel":1,"minecraft:wooden_shovel":1,"minecraft:stone_pickaxe":2,"minecraft:wooden_axe":1,"minecraft:stone_shovel":3},"minecraft:crafted":{"minecraft:oak_planks":152,"minecraft:stone_shovel":3,"minecraft:oak_sign":3,"minecraft:furnace":2,"minecraft:iron_axe":1,"minecraft:stone_pickaxe":4,"biomesoplenty:jacaranda_door":3,"minecraft:magenta_dye":4,"minecraft:wheat":126,"minecraft:oak_slab":6,"minecraft:wooden_shovel":1,"biomesoplenty:jacaranda_planks":16,"minecraft:crafting_table":2,"minecraft:wooden_pickaxe":1,"minecraft:baked_potato":47,"minecraft:birch_planks":48,"minecraft:stone_axe":1,"minecraft:bread":21,"minecraft:air":0,"biomesoplenty:jacaranda_fence":6,"minecraft:oak_boat":1,"minecraft:wooden_hoe":1,"minecraft:stick":36,"minecraft:iron_ingot":18,"minecraft:iron_pickaxe":2,"minecraft:wooden_axe":2,"minecraft:stone_sword":1,"minecraft:iron_shovel":1,"minecraft:torch":12},"minecraft:mined":{"minecraft:tuff":2,"minecraft:white_bed":3,"minecraft:oak_sapling":3,"minecraft:deepslate_diamond_ore":1,"minecraft:granite":2,"biomesoplenty:bush":39,"minecraft:grass_block":418,"biomesoplenty:flowering_oak_leaves":1,"minecraft:oak_wall_sign":2,"biomesoplenty:jacaranda_sapling":1,"minecraft:spawner":1,"minecraft:hay_block":15,"biomesoplenty:jacaranda_log":10,"minecraft:redstone_ore":2,"biomesoplenty:tall_lavender":14,"minecraft:iron_ore":86,"biomesoplenty:lavender":163,"minecraft:andesite":6,"minecraft:deepslate_lapis_ore":5,"minecraft:bookshelf":4,"minecraft:potatoes":9,"minecraft:deepslate_iron_ore":2,"minecraft:dirt_path":1,"minecraft:stone":266,"minecraft:deepslate_redstone_ore":7,"biomesoplenty:jacaranda_leaves":3,"minecraft:oak_slab":1,"minecraft:crafting_table":4,"minecraft:torch":5,"minecraft:chest":2,"minecraft:rose_bush":1,"minecraft:tall_grass":11,"minecraft:copper_ore":2,"minecraft:cobblestone":15,"minecraft:deepslate_gold_ore":9,"minecraft:lapis_ore":14,"minecraft:sugar_cane":4,"minecraft:oak_planks":19,"minecraft:diorite":41,"minecraft:wall_torch":19,"minecraft:birch_planks":5,"minecraft:birch_log":12,"minecraft:wheat":15,"minecraft:lilac":27,"minecraft:grass":78,"minecraft:oak_log":61,"minecraft:coal_ore":52,"minecraft:gravel":24,"minecraft:dirt":337,"minecraft:cobweb":11,"minecraft:gold_ore":12,"minecraft:oak_leaves":64,"minecraft:deepslate":20,"biomesoplenty:reed":3},"minecraft:picked_up":{"minecraft:wooden_axe":1,"minecraft:crafting_table":4,"minecraft:wheat":15,"biomesoplenty:jacaranda_sapling":2,"minecraft:string":15,"minecraft:raw_copper":16,"biomesoplenty:tall_lavender":15,"minecraft:oak_sign":2,"minecraft:cobbled_deepslate":24,"minecraft:bucket":1,"minecraft:oak_boat":4,"minecraft:rose_bush":1,"minecraft:chest":2,"minecraft:sugar_cane":8,"minecraft:egg":2,"minecraft:stick":14,"minecraft:raw_iron":89,"minecraft:oak_fence":1,"minecraft:torch":25,"minecraft:porkchop":3,"tombstone:grave_dust":4,"minecraft:diorite":41,"minecraft:redstone":41,"minecraft:rotten_flesh":11,"minecraft:arrow":8,"biomesoplenty:jacaranda_log":10,"minecraft:hay_block":15,"minecraft:mutton":1,"minecraft:cobblestone":295,"minecraft:rail":1,"minecraft:white_wool":1,"biomesoplenty:lavender":184,"minecraft:birch_log":12,"minecraft:leather_chestplate":1,"minecraft:lilac":23,"minecraft:andesite":4,"minecraft:potato":32,"minecraft:birch_planks":5,"minecraft:flint":2,"minecraft:tuff":2,"minecraft:oak_log":61,"minecraft:gunpowder":1,"minecraft:lapis_lazuli":128,"minecraft:dirt":804,"minecraft:bone":5,"minecraft:apple":6,"minecraft:wheat_seeds":56,"minecraft:raw_gold":21,"minecraft:iron_ingot":1,"minecraft:oak_planks":20,"minecraft:book":12,"minecraft:oak_slab":1,"minecraft:birch_boat":1,"minecraft:gravel":22,"minecraft:white_bed":3,"biomesoplenty:jacaranda_leaves":51,"minecraft:bundle":1,"minecraft:diamond":2,"minecraft:granite":2,"minecraft:bread":2,"minecraft:oak_sapling":14,"minecraft:coal":52}},"DataVersion":3463}