{"stats":{"minecraft:killed":{"minecraft:skeleton":1},"minecraft:mined":{"minecraft:hay_block":15,"minecraft:white_bed":1,"minecraft:birch_log":12,"minecraft:crafting_table":1,"minecraft:grass":4,"minecraft:grass_block":2,"minecraft:oak_log":28,"minecraft:chest":2,"minecraft:dirt":3,"minecraft:tall_grass":5,"minecraft:sugar_cane":1,"minecraft:oak_leaves":4,"minecraft:oak_wall_sign":1},"minecraft:custom":{"minecraft:time_since_rest":10871,"minecraft:sprint_one_cm":50222,"minecraft:damage_taken":325,"minecraft:walk_one_cm":30834,"minecraft:mob_kills":1,"minecraft:drop":1,"minecraft:damage_dealt":149,"minecraft:interact_with_crafting_table":7,"minecraft:talked_to_villager":6,"minecraft:fly_one_cm":68096,"minecraft:open_chest":4,"minecraft:crouch_one_cm":518,"minecraft:play_time":22046,"minecraft:deaths":1,"minecraft:sneak_time":154,"minecraft:jump":277,"minecraft:leave_game":5,"minecraft:walk_on_water_one_cm":148,"minecraft:time_since_death":10846,"minecraft:total_world_time":22046,"minecraft:fall_one_cm":6121},"minecraft:killed_by":{"minecraft:zombie":1},"minecraft:picked_up":{"minecraft:birch_log":12,"minecraft:crafting_table":1,"minecraft:leather_chestplate":1,"minecraft:oak_log":28,"minecraft:white_bed":1,"minecraft:dirt":5,"minecraft:arrow":2,"minecraft:oak_sign":1,"minecraft:wheat_seeds":1,"minecraft:hay_block":15,"minecraft:oak_sapling":1,"minecraft:sugar_cane":3,"minecraft:chest":2},"minecraft:used":{"minecraft:wooden_axe":36,"minecraft:bread":6,"minecraft:oak_sign":1,"minecraft:dirt":1,"minecraft:hay_block":1,"minecraft:crafting_table":1},"minecraft:crafted":{"minecraft:oak_planks":24,"minecraft:crafting_table":2,"minecraft:stick":4,"minecraft:wooden_axe":1,"minecraft:bread":6,"minecraft:wheat":126},"minecraft:dropped":{"minecraft:leather_chestplate":1}},"DataVersion":3463}