{"stats":{"minecraft:mined":{"minecraft:oak_log":20,"minecraft:oak_stairs":1,"minecraft:stripped_oak_log":4,"minecraft:tall_grass":3,"minecraft:oak_planks":10},"minecraft:custom":{"minecraft:time_since_rest":4973,"minecraft:crouch_one_cm":170,"minecraft:sprint_one_cm":7539,"minecraft:play_time":4973,"minecraft:walk_one_cm":8650,"minecraft:sneak_time":43,"minecraft:jump":43,"minecraft:time_since_death":4973,"minecraft:leave_game":1,"minecraft:walk_on_water_one_cm":215,"minecraft:total_world_time":4973,"minecraft:fall_one_cm":836,"minecraft:fly_one_cm":9161},"minecraft:picked_up":{"minecraft:stripped_oak_log":4,"minecraft:leather_chestplate":1,"minecraft:oak_stairs":1,"minecraft:oak_log":20,"minecraft:oak_planks":10,"minecraft:egg":1},"minecraft:crafted":{"minecraft:crafting_table":1,"minecraft:stick":4}},"DataVersion":3463}