{"stats":{"minecraft:mined":{"minecraft:white_bed":2,"minecraft:crafting_table":1,"minecraft:torch":3,"minecraft:ladder":7,"minecraft:granite":1,"biomesoplenty:bramble":4,"minecraft:grass_block":177,"minecraft:glass":21,"minecraft:tall_grass":8,"minecraft:copper_ore":10,"minecraft:oak_planks":69,"minecraft:diorite":10,"minecraft:wall_torch":2,"minecraft:spawner":1,"minecraft:furnace":1,"minecraft:iron_ore":33,"minecraft:andesite":72,"minecraft:grass":21,"minecraft:oak_log":183,"minecraft:coal_ore":54,"minecraft:deepslate_iron_ore":8,"minecraft:oak_stairs":1,"minecraft:gravel":12,"minecraft:sand":445,"minecraft:dirt":238,"minecraft:stripped_oak_log":4,"minecraft:cobweb":5,"minecraft:smooth_basalt":2,"minecraft:stone":397,"minecraft:oak_leaves":35},"minecraft:killed":{"minecraft:cave_spider":4,"minecraft:creeper":1,"minecraft:skeleton":4,"minecraft:sheep":2,"minecraft:zombie":3,"minecraft:enderman":1},"minecraft:broken":{"minecraft:stone_pickaxe":1,"minecraft:iron_shovel":3,"minecraft:stone_axe":1,"minecraft:iron_pickaxe":1},"minecraft:used":{"minecraft:oak_fence":21,"minecraft:cooked_mutton":3,"minecraft:wheat_seeds":19,"minecraft:water_bucket":17,"minecraft:stone_sword":20,"minecraft:iron_shovel":757,"minecraft:stone_pickaxe":131,"minecraft:baked_potato":28,"minecraft:ladder":8,"minecraft:oak_planks":375,"minecraft:chest":2,"minecraft:ender_pearl":1,"minecraft:shield":48,"minecraft:iron_sword":50,"minecraft:torch":26,"minecraft:golden_apple":1,"minecraft:dirt":226,"minecraft:sand":6,"minecraft:crafting_table":2,"minecraft:carrot":17,"minecraft:white_bed":2,"minecraft:iron_hoe":24,"minecraft:glass":197,"minecraft:oak_log":83,"minecraft:wooden_axe":8,"minecraft:apple":1,"minecraft:iron_axe":129,"minecraft:oak_stairs":1,"minecraft:grass_block":1,"minecraft:bread":2,"minecraft:iron_pickaxe":483,"minecraft:stone_axe":133,"minecraft:cobblestone":8,"minecraft:oak_sapling":1,"minecraft:furnace":2,"minecraft:bucket":17,"minecraft:potato":15},"minecraft:picked_up":{"minecraft:stripped_oak_log":4,"minecraft:crafting_table":1,"minecraft:leather_chestplate":1,"minecraft:ladder":7,"minecraft:andesite":71,"minecraft:potato":85,"minecraft:oak_stairs":1,"minecraft:flint":1,"minecraft:oak_log":181,"minecraft:dirt":405,"minecraft:string":9,"minecraft:raw_copper":36,"minecraft:bone":2,"minecraft:kelp":1,"minecraft:wheat_seeds":3,"minecraft:iron_ingot":128,"minecraft:oak_planks":67,"minecraft:egg":1,"minecraft:furnace":1,"minecraft:stick":5,"minecraft:raw_iron":42,"minecraft:smooth_basalt":2,"minecraft:torch":8,"minecraft:gravel":11,"minecraft:sand":445,"minecraft:carrot":17,"minecraft:diorite":10,"minecraft:white_bed":2,"minecraft:grass_block":1,"minecraft:spider_eye":1,"biomesoplenty:bramble":2,"minecraft:arrow":6,"minecraft:rotten_flesh":6,"minecraft:spruce_boat":2,"minecraft:stone_axe":1,"minecraft:granite":1,"minecraft:baked_potato":64,"minecraft:oak_sapling":1,"minecraft:mutton":3,"minecraft:coal":53,"minecraft:white_wool":2,"minecraft:cobblestone":397,"minecraft:ender_pearl":1},"minecraft:dropped":{"minecraft:stone_axe":1,"minecraft:raw_copper":2,"minecraft:rotten_flesh":4,"minecraft:spruce_boat":1,"minecraft:andesite":2},"minecraft:custom":{"minecraft:interact_with_furnace":33,"minecraft:mob_kills":15,"minecraft:interact_with_crafting_table":23,"minecraft:tune_noteblock":3,"minecraft:bell_ring":13,"minecraft:leave_game":7,"minecraft:time_since_death":189934,"minecraft:sleep_in_bed":11,"minecraft:climb_one_cm":752,"minecraft:time_since_rest":9539,"minecraft:waystone_activated":3,"minecraft:sprint_one_cm":472811,"minecraft:damage_absorbed":40,"minecraft:damage_taken":1318,"minecraft:walk_one_cm":587655,"minecraft:damage_blocked_by_shield":1085,"minecraft:drop":8,"minecraft:damage_dealt":2453,"minecraft:swim_one_cm":99375,"minecraft:talked_to_villager":1,"minecraft:fly_one_cm":570631,"minecraft:open_chest":53,"minecraft:play_time":214894,"minecraft:crouch_one_cm":24948,"tombstone:undead_killed":7,"minecraft:deaths":1,"minecraft:sneak_time":11039,"minecraft:walk_under_water_one_cm":33237,"minecraft:boat_one_cm":18312,"minecraft:jump":3480,"minecraft:walk_on_water_one_cm":75868,"minecraft:total_world_time":214894,"minecraft:fall_one_cm":69808},"minecraft:crafted":{"minecraft:wooden_sword":1,"minecraft:oak_planks":392,"minecraft:crafting_table":1,"minecraft:wooden_pickaxe":1,"minecraft:iron_helmet":1,"minecraft:iron_sword":1,"minecraft:furnace":1,"minecraft:bucket":1,"minecraft:stone_axe":1,"minecraft:cooked_mutton":3,"minecraft:glass":211,"minecraft:shield":1,"minecraft:iron_axe":1,"minecraft:iron_hoe":1,"minecraft:ladder":3,"minecraft:stick":44,"minecraft:iron_ingot":24,"minecraft:iron_pickaxe":2,"minecraft:stone_pickaxe":1,"minecraft:wooden_axe":1,"minecraft:stone_sword":1,"minecraft:chest":2,"minecraft:iron_shovel":3,"minecraft:iron_leggings":1,"minecraft:torch":8,"minecraft:oak_fence":21}},"DataVersion":3463}