{"stats":{"minecraft:mined":{"minecraft:white_bed":2,"minecraft:crafting_table":1,"minecraft:granite":1,"minecraft:grass_block":5,"minecraft:tall_grass":3,"minecraft:copper_ore":1,"minecraft:oak_planks":10,"minecraft:diorite":1,"minecraft:spawner":1,"minecraft:furnace":1,"minecraft:iron_ore":28,"minecraft:andesite":6,"minecraft:grass":3,"minecraft:coal_ore":29,"minecraft:oak_log":22,"minecraft:deepslate_iron_ore":8,"minecraft:oak_stairs":1,"minecraft:sand":185,"minecraft:dirt":23,"minecraft:stripped_oak_log":4,"minecraft:cobweb":5,"minecraft:smooth_basalt":2,"minecraft:stone":164},"minecraft:crafted":{"minecraft:wooden_sword":1,"minecraft:oak_planks":88,"minecraft:crafting_table":1,"minecraft:wooden_pickaxe":1,"minecraft:iron_sword":1,"minecraft:furnace":1,"minecraft:stone_axe":1,"minecraft:cooked_mutton":3,"minecraft:glass":28,"minecraft:shield":1,"minecraft:stick":20,"minecraft:iron_ingot":21,"minecraft:iron_pickaxe":1,"minecraft:stone_pickaxe":1,"minecraft:wooden_axe":1,"minecraft:stone_sword":1,"minecraft:iron_shovel":1,"minecraft:torch":8},"minecraft:picked_up":{"minecraft:stripped_oak_log":4,"minecraft:crafting_table":1,"minecraft:leather_chestplate":1,"minecraft:andesite":5,"minecraft:oak_stairs":1,"minecraft:oak_log":22,"minecraft:string":9,"minecraft:dirt":28,"minecraft:raw_copper":4,"minecraft:oak_planks":10,"minecraft:egg":1,"minecraft:furnace":1,"minecraft:raw_iron":37,"minecraft:smooth_basalt":2,"minecraft:torch":1,"minecraft:sand":186,"minecraft:diorite":1,"minecraft:white_bed":2,"minecraft:spider_eye":1,"minecraft:granite":1,"minecraft:mutton":3,"minecraft:coal":28,"minecraft:white_wool":2,"minecraft:cobblestone":162},"minecraft:custom":{"minecraft:interact_with_furnace":12,"minecraft:mob_kills":6,"minecraft:interact_with_crafting_table":7,"minecraft:leave_game":3,"minecraft:time_since_death":31032,"minecraft:sleep_in_bed":1,"minecraft:time_since_rest":31091,"minecraft:sprint_one_cm":95362,"minecraft:walk_one_cm":127102,"minecraft:damage_taken":665,"minecraft:damage_absorbed":40,"minecraft:damage_blocked_by_shield":460,"minecraft:drop":1,"minecraft:damage_dealt":743,"minecraft:swim_one_cm":10133,"minecraft:talked_to_villager":1,"minecraft:fly_one_cm":128676,"minecraft:open_chest":13,"minecraft:crouch_one_cm":6871,"minecraft:play_time":55992,"minecraft:deaths":1,"minecraft:sneak_time":4015,"minecraft:walk_under_water_one_cm":5590,"minecraft:jump":919,"minecraft:walk_on_water_one_cm":21285,"minecraft:total_world_time":55992,"minecraft:fall_one_cm":19696},"minecraft:broken":{"minecraft:stone_pickaxe":1},"minecraft:dropped":{"minecraft:raw_copper":2},"minecraft:killed":{"minecraft:cave_spider":4,"minecraft:sheep":2},"minecraft:used":{"minecraft:cooked_mutton":3,"minecraft:stone_sword":20,"minecraft:iron_shovel":193,"minecraft:stone_pickaxe":131,"minecraft:oak_planks":40,"minecraft:shield":23,"minecraft:torch":3,"minecraft:golden_apple":1,"minecraft:dirt":28,"minecraft:crafting_table":2,"minecraft:carrot":9,"minecraft:white_bed":1,"minecraft:glass":7,"minecraft:wooden_axe":8,"minecraft:apple":1,"minecraft:bread":2,"minecraft:iron_pickaxe":131,"minecraft:furnace":2}},"DataVersion":3463}