{"stats":{"minecraft:mined":{"minecraft:white_bed":2,"minecraft:crafting_table":1,"minecraft:granite":1,"minecraft:grass_block":1,"minecraft:tall_grass":3,"minecraft:copper_ore":1,"minecraft:oak_planks":10,"minecraft:diorite":1,"minecraft:spawner":1,"minecraft:furnace":1,"minecraft:iron_ore":28,"minecraft:andesite":6,"minecraft:grass":1,"minecraft:coal_ore":29,"minecraft:oak_log":22,"minecraft:deepslate_iron_ore":8,"minecraft:oak_stairs":1,"minecraft:sand":1,"minecraft:dirt":17,"minecraft:stripped_oak_log":4,"minecraft:cobweb":5,"minecraft:smooth_basalt":2,"minecraft:stone":164},"minecraft:crafted":{"minecraft:wooden_sword":1,"minecraft:oak_planks":88,"minecraft:crafting_table":1,"minecraft:wooden_pickaxe":1,"minecraft:iron_sword":1,"minecraft:furnace":1,"minecraft:stone_axe":1,"minecraft:shield":1,"minecraft:stick":16,"minecraft:iron_ingot":21,"minecraft:iron_pickaxe":1,"minecraft:stone_pickaxe":1,"minecraft:wooden_axe":1,"minecraft:stone_sword":1,"minecraft:torch":8},"minecraft:picked_up":{"minecraft:stripped_oak_log":4,"minecraft:crafting_table":1,"minecraft:leather_chestplate":1,"minecraft:andesite":5,"minecraft:oak_stairs":1,"minecraft:oak_log":22,"minecraft:string":9,"minecraft:dirt":18,"minecraft:raw_copper":2,"minecraft:oak_planks":10,"minecraft:egg":1,"minecraft:furnace":1,"minecraft:raw_iron":37,"minecraft:smooth_basalt":2,"minecraft:sand":1,"minecraft:diorite":1,"minecraft:white_bed":2,"minecraft:spider_eye":1,"minecraft:granite":1,"minecraft:mutton":3,"minecraft:coal":28,"minecraft:white_wool":2,"minecraft:cobblestone":162},"minecraft:custom":{"minecraft:interact_with_furnace":7,"minecraft:mob_kills":6,"minecraft:interact_with_crafting_table":6,"minecraft:leave_game":3,"minecraft:time_since_death":19032,"minecraft:sleep_in_bed":1,"minecraft:time_since_rest":19091,"minecraft:sprint_one_cm":76393,"minecraft:walk_one_cm":89281,"minecraft:damage_taken":665,"minecraft:damage_absorbed":40,"minecraft:damage_blocked_by_shield":460,"minecraft:damage_dealt":743,"minecraft:swim_one_cm":7202,"minecraft:talked_to_villager":1,"minecraft:fly_one_cm":88320,"minecraft:open_chest":11,"minecraft:crouch_one_cm":5185,"minecraft:play_time":43992,"minecraft:deaths":1,"minecraft:sneak_time":3215,"minecraft:walk_under_water_one_cm":3849,"minecraft:jump":688,"minecraft:walk_on_water_one_cm":7163,"minecraft:total_world_time":43992,"minecraft:fall_one_cm":15874},"minecraft:broken":{"minecraft:stone_pickaxe":1},"minecraft:killed":{"minecraft:cave_spider":4,"minecraft:sheep":2},"minecraft:used":{"minecraft:stone_sword":20,"minecraft:stone_pickaxe":131,"minecraft:oak_planks":40,"minecraft:shield":23,"minecraft:torch":2,"minecraft:golden_apple":1,"minecraft:dirt":5,"minecraft:crafting_table":1,"minecraft:carrot":9,"minecraft:white_bed":1,"minecraft:wooden_axe":8,"minecraft:apple":1,"minecraft:bread":2,"minecraft:iron_pickaxe":131,"minecraft:furnace":1}},"DataVersion":3463}