{"stats":{"minecraft:killed":{"minecraft:cave_spider":2,"minecraft:spider":4,"minecraft:skeleton":9,"minecraft:chicken":1,"minecraft:pig":3,"minecraft:creeper":2,"minecraft:sheep":12,"minecraft:zombie":13,"minecraft:cow":21},"minecraft:custom":{"minecraft:mob_kills":75,"minecraft:interact_with_crafting_table":23,"minecraft:bell_ring":1,"minecraft:leave_game":8,"minecraft:time_since_death":131567,"minecraft:sprint_one_cm":439896,"minecraft:walk_one_cm":337451,"minecraft:drop":13,"minecraft:talked_to_villager":1,"minecraft:play_time":158635,"minecraft:deaths":1,"minecraft:sneak_time":7865,"minecraft:walk_under_water_one_cm":4035,"minecraft:jump":2728,"minecraft:walk_on_water_one_cm":11789,"minecraft:total_world_time":158635,"minecraft:interact_with_furnace":42,"minecraft:sleep_in_bed":8,"minecraft:time_since_rest":28090,"minecraft:damage_taken":1773,"minecraft:damage_dealt":10926,"minecraft:swim_one_cm":5118,"minecraft:fly_one_cm":662238,"minecraft:open_chest":44,"minecraft:crouch_one_cm":21554,"tombstone:undead_killed":22,"minecraft:fall_one_cm":75283},"minecraft:mined":{"minecraft:large_amethyst_bud":3,"minecraft:tuff":33,"minecraft:white_bed":2,"minecraft:deepslate_diamond_ore":87,"minecraft:glow_lichen":1,"minecraft:granite":77,"minecraft:budding_amethyst":1,"minecraft:grass_block":277,"minecraft:spawner":2,"minecraft:hay_block":1,"minecraft:furnace":9,"minecraft:carrots":7,"minecraft:iron_ore":112,"biomesoplenty:lavender":1,"minecraft:andesite":62,"minecraft:potatoes":6,"minecraft:deepslate_iron_ore":20,"minecraft:small_amethyst_bud":3,"minecraft:stone":775,"minecraft:deepslate_redstone_ore":4,"minecraft:medium_amethyst_bud":3,"minecraft:amethyst_cluster":1,"minecraft:crafting_table":5,"minecraft:torch":3,"minecraft:calcite":5,"minecraft:chest":1,"minecraft:tall_grass":17,"minecraft:copper_ore":12,"minecraft:cobblestone":3,"minecraft:lapis_ore":2,"minecraft:deepslate_gold_ore":11,"minecraft:diorite":45,"minecraft:wall_torch":3,"minecraft:amethyst_block":5,"minecraft:wheat":11,"minecraft:grass":197,"minecraft:oak_log":97,"minecraft:coal_ore":209,"minecraft:beetroots":3,"minecraft:gravel":11,"minecraft:dirt":5,"minecraft:cobweb":18,"minecraft:smooth_basalt":2,"minecraft:deepslate":418},"minecraft:killed_by":{"minecraft:skeleton":1},"minecraft:broken":{"minecraft:iron_shovel":1,"minecraft:stone_pickaxe":1,"vanillaplustools:stone_hammer":1,"minecraft:iron_pickaxe":1},"minecraft:picked_up":{"minecraft:wooden_axe":1,"minecraft:crafting_table":5,"minecraft:amethyst_block":5,"minecraft:string":22,"minecraft:raw_copper":39,"minecraft:beetroot":1,"minecraft:cobbled_deepslate":329,"minecraft:beef":43,"minecraft:calcite":5,"minecraft:chest":1,"minecraft:egg":5,"minecraft:furnace":9,"minecraft:raw_iron":129,"minecraft:torch":5,"minecraft:porkchop":6,"minecraft:diorite":45,"minecraft:carrot":7,"minecraft:redstone":17,"minecraft:arrow":9,"minecraft:rotten_flesh":13,"minecraft:beetroot_seeds":4,"minecraft:hay_block":1,"minecraft:mutton":19,"minecraft:cobblestone":759,"minecraft:rail":2,"minecraft:white_wool":12,"biomesoplenty:lavender":2,"minecraft:andesite":60,"minecraft:leather":22,"minecraft:potato":6,"minecraft:tuff":33,"minecraft:oak_log":97,"minecraft:gunpowder":3,"minecraft:lapis_lazuli":16,"minecraft:dirt":559,"minecraft:bone":6,"minecraft:apple":1,"minecraft:wheat_seeds":33,"minecraft:raw_gold":11,"tombstone:bag_of_seeds":1,"minecraft:iron_sword":1,"minecraft:smooth_basalt":2,"minecraft:gravel":3,"minecraft:amethyst_shard":4,"minecraft:white_bed":2,"minecraft:spider_eye":3,"minecraft:bundle":1,"minecraft:diamond":86,"minecraft:granite":72,"vanillaplustools:stone_hammer":1,"tombstone:magic_scroll":1,"minecraft:coal":468},"minecraft:used":{"minecraft:stone_sword":71,"minecraft:iron_shovel":251,"minecraft:oak_sign":1,"minecraft:chest":8,"minecraft:iron_sword":64,"vanillaplustools:stone_hammer":130,"minecraft:torch":17,"minecraft:dirt":144,"minecraft:wooden_axe":9,"minecraft:furnace":9,"tombstone:gift":1,"minecraft:egg":5,"minecraft:cooked_beef":17,"minecraft:cooked_mutton":3,"minecraft:diorite":40,"minecraft:stone_pickaxe":131,"minecraft:wooden_pickaxe":13,"biomesoplenty:lavender":1,"minecraft:crafting_table":7,"minecraft:white_bed":2,"tombstone:bag_of_seeds":3,"minecraft:diamond_pickaxe":528,"minecraft:apple":2,"minecraft:bread":11,"minecraft:iron_pickaxe":251,"minecraft:stone_axe":173,"minecraft:cobblestone":52,"minecraft:andesite":28},"minecraft:crafted":{"minecraft:oak_planks":172,"minecraft:oak_sign":3,"vanillaplustools:stone_hammer":1,"minecraft:furnace":4,"minecraft:cooked_mutton":19,"minecraft:iron_boots":1,"minecraft:stone_pickaxe":10,"minecraft:chest":7,"minecraft:wheat":9,"minecraft:cooked_beef":43,"minecraft:cooked_porkchop":6,"minecraft:crafting_table":2,"minecraft:wooden_pickaxe":1,"minecraft:iron_helmet":1,"minecraft:iron_sword":1,"minecraft:stone_axe":2,"minecraft:bread":3,"minecraft:air":0,"minecraft:iron_chestplate":1,"minecraft:diamond_pickaxe":1,"minecraft:stick":56,"minecraft:iron_pickaxe":1,"minecraft:iron_ingot":65,"minecraft:wooden_axe":1,"minecraft:stone_sword":1,"minecraft:iron_shovel":1,"minecraft:iron_leggings":1,"minecraft:torch":44},"minecraft:dropped":{"minecraft:iron_sword":1,"biomesoplenty:lavender":1,"minecraft:dirt":3,"minecraft:wooden_axe":2,"minecraft:stone_axe":2,"minecraft:stone_sword":1,"minecraft:rotten_flesh":1,"vanillaplustools:stone_hammer":1,"minecraft:wooden_pickaxe":1}},"DataVersion":3463}