{"stats":{"minecraft:killed":{"minecraft:cave_spider":2,"minecraft:vindicator":2,"minecraft:spider":4,"minecraft:skeleton":9,"minecraft:chicken":1,"minecraft:pig":3,"minecraft:ravager":1,"minecraft:creeper":2,"minecraft:sheep":12,"minecraft:pillager":4,"minecraft:zombie":13,"minecraft:cow":21},"minecraft:custom":{"minecraft:interact_with_anvil":2,"minecraft:mob_kills":83,"minecraft:inspect_hopper":2,"minecraft:interact_with_crafting_table":47,"minecraft:bell_ring":2,"minecraft:leave_game":8,"minecraft:time_since_death":263567,"minecraft:sprint_one_cm":562007,"minecraft:walk_one_cm":422353,"minecraft:drop":19,"minecraft:talked_to_villager":1,"minecraft:raid_win":1,"minecraft:play_time":290635,"minecraft:deaths":1,"minecraft:sneak_time":9074,"minecraft:walk_under_water_one_cm":4169,"minecraft:jump":3609,"minecraft:walk_on_water_one_cm":26674,"minecraft:enchant_item":5,"minecraft:total_world_time":290635,"minecraft:interact_with_furnace":51,"tombstone:raider_killed":7,"minecraft:tune_noteblock":19115,"minecraft:sleep_in_bed":8,"minecraft:time_since_rest":160090,"minecraft:damage_taken":2109,"minecraft:damage_dealt":13515,"minecraft:swim_one_cm":6784,"minecraft:fly_one_cm":913128,"minecraft:open_chest":82,"minecraft:crouch_one_cm":24453,"tombstone:undead_killed":22,"minecraft:fish_caught":223,"minecraft:fall_one_cm":91941},"minecraft:mined":{"minecraft:large_amethyst_bud":3,"minecraft:tuff":33,"minecraft:white_bed":2,"minecraft:deepslate_diamond_ore":87,"minecraft:glow_lichen":1,"minecraft:granite":77,"minecraft:budding_amethyst":1,"minecraft:grass_block":532,"minecraft:hopper":1,"minecraft:spawner":2,"minecraft:hay_block":1,"minecraft:redstone_ore":3,"minecraft:oak_trapdoor":2,"minecraft:furnace":9,"minecraft:carrots":7,"minecraft:iron_ore":112,"biomesoplenty:lavender":1,"minecraft:andesite":67,"minecraft:potatoes":6,"minecraft:deepslate_iron_ore":20,"minecraft:small_amethyst_bud":3,"minecraft:stone":926,"minecraft:tripwire":4,"minecraft:deepslate_redstone_ore":4,"minecraft:medium_amethyst_bud":3,"minecraft:amethyst_cluster":1,"minecraft:crafting_table":5,"minecraft:torch":3,"minecraft:calcite":5,"minecraft:chest":1,"minecraft:tall_grass":22,"minecraft:copper_ore":12,"minecraft:cobblestone":37,"minecraft:lapis_ore":2,"minecraft:deepslate_gold_ore":11,"minecraft:diorite":58,"minecraft:wall_torch":3,"minecraft:amethyst_block":5,"minecraft:wheat":11,"minecraft:grass":199,"minecraft:oak_log":97,"minecraft:coal_ore":209,"minecraft:beetroots":3,"minecraft:gravel":17,"minecraft:dirt":11,"minecraft:cobweb":18,"minecraft:smooth_basalt":2,"minecraft:deepslate":418},"minecraft:killed_by":{"minecraft:skeleton":1},"minecraft:broken":{"minecraft:iron_shovel":1,"minecraft:stone_pickaxe":1,"vanillaplustools:stone_hammer":1,"minecraft:iron_pickaxe":1,"minecraft:fishing_rod":1},"minecraft:picked_up":{"minecraft:wooden_axe":1,"minecraft:crafting_table":5,"minecraft:amethyst_block":5,"minecraft:oak_trapdoor":2,"minecraft:string":29,"minecraft:raw_copper":39,"minecraft:beetroot":1,"minecraft:cobbled_deepslate":329,"minecraft:beef":43,"minecraft:calcite":5,"minecraft:chest":1,"minecraft:egg":5,"minecraft:furnace":9,"minecraft:raw_iron":129,"minecraft:torch":5,"minecraft:porkchop":6,"minecraft:diorite":45,"minecraft:carrot":7,"minecraft:redstone":29,"minecraft:arrow":9,"minecraft:rotten_flesh":13,"minecraft:beetroot_seeds":4,"minecraft:hay_block":1,"minecraft:saddle":1,"minecraft:mutton":19,"minecraft:cobblestone":831,"minecraft:rail":2,"minecraft:white_wool":12,"biomesoplenty:lavender":2,"minecraft:tripwire_hook":2,"minecraft:andesite":65,"minecraft:leather":44,"minecraft:potato":6,"minecraft:tuff":33,"minecraft:oak_log":97,"minecraft:gunpowder":3,"minecraft:lapis_lazuli":16,"minecraft:dirt":821,"minecraft:white_banner":1,"minecraft:bone":6,"minecraft:apple":1,"minecraft:wheat_seeds":39,"minecraft:raw_gold":11,"tombstone:bag_of_seeds":1,"minecraft:iron_sword":1,"minecraft:smooth_basalt":2,"minecraft:gravel":3,"minecraft:amethyst_shard":4,"minecraft:white_bed":2,"minecraft:spider_eye":3,"minecraft:bundle":1,"minecraft:diamond":86,"minecraft:lever":1,"minecraft:granite":72,"vanillaplustools:stone_hammer":1,"minecraft:emerald":2,"tombstone:magic_scroll":1,"minecraft:coal":468,"minecraft:hopper":1},"minecraft:used":{"minecraft:oak_trapdoor":2,"minecraft:oak_fence":1,"minecraft:stone_sword":71,"minecraft:iron_shovel":251,"minecraft:oak_sign":1,"minecraft:chest":10,"minecraft:iron_sword":114,"vanillaplustools:stone_hammer":130,"minecraft:torch":19,"minecraft:dirt":195,"minecraft:anvil":1,"minecraft:hopper":2,"minecraft:wooden_axe":9,"minecraft:tripwire_hook":2,"minecraft:iron_trapdoor":1,"minecraft:furnace":13,"tombstone:gift":1,"minecraft:egg":5,"minecraft:cooked_beef":23,"minecraft:cooked_mutton":3,"minecraft:water_bucket":3,"minecraft:diorite":40,"minecraft:oak_planks":8,"minecraft:stone_pickaxe":131,"minecraft:wooden_pickaxe":13,"biomesoplenty:lavender":1,"minecraft:crafting_table":8,"minecraft:white_bed":2,"minecraft:note_block":1,"minecraft:shears":4,"tombstone:bag_of_seeds":3,"minecraft:lever":1,"minecraft:diamond_pickaxe":748,"minecraft:apple":2,"minecraft:diamond_shovel":251,"minecraft:string":7,"minecraft:heavy_weighted_pressure_plate":1,"minecraft:bread":11,"minecraft:iron_pickaxe":251,"minecraft:stone_axe":173,"minecraft:fishing_rod":403,"minecraft:cobblestone":86,"minecraft:white_banner":1,"minecraft:bucket":5,"minecraft:andesite":28},"minecraft:crafted":{"minecraft:oak_planks":228,"minecraft:oak_sign":3,"minecraft:fishing_rod":8,"vanillaplustools:stone_hammer":1,"minecraft:furnace":4,"minecraft:lever":1,"minecraft:diamond_shovel":1,"minecraft:heavy_weighted_pressure_plate":1,"minecraft:cooked_mutton":19,"minecraft:oak_trapdoor":2,"minecraft:hopper":1,"minecraft:iron_boots":1,"minecraft:stone_pickaxe":10,"minecraft:chest":10,"minecraft:oak_fence":3,"minecraft:wheat":9,"minecraft:cooked_beef":43,"minecraft:cooked_porkchop":6,"minecraft:iron_trapdoor":1,"minecraft:crafting_table":4,"minecraft:wooden_pickaxe":1,"minecraft:iron_helmet":1,"minecraft:iron_sword":1,"minecraft:bucket":1,"minecraft:stone_axe":2,"minecraft:bread":3,"minecraft:air":0,"minecraft:iron_chestplate":1,"minecraft:diamond_pickaxe":1,"minecraft:shield":1,"minecraft:stick":84,"minecraft:iron_pickaxe":1,"minecraft:iron_ingot":84,"minecraft:wooden_axe":1,"minecraft:iron_block":3,"minecraft:stone_sword":1,"minecraft:iron_shovel":1,"minecraft:iron_leggings":1,"minecraft:anvil":1,"minecraft:note_block":1,"minecraft:torch":44,"minecraft:shears":1},"minecraft:dropped":{"minecraft:iron_sword":1,"biomesoplenty:lavender":1,"minecraft:leather":44,"minecraft:dirt":6,"minecraft:wooden_axe":2,"minecraft:fishing_rod":1,"minecraft:stone_axe":2,"minecraft:stone_sword":1,"minecraft:rotten_flesh":1,"vanillaplustools:stone_hammer":1,"minecraft:wooden_pickaxe":1}},"DataVersion":3463}