{"stats":{"minecraft:killed":{"minecraft:cave_spider":2,"minecraft:witch":1,"minecraft:spider":5,"minecraft:vindicator":2,"minecraft:skeleton":12,"minecraft:chicken":1,"minecraft:drowned":1,"minecraft:piglin":1,"minecraft:pig":3,"minecraft:iron_golem":2,"minecraft:ravager":1,"minecraft:creeper":3,"minecraft:sheep":12,"minecraft:pillager":4,"minecraft:zombie":18,"minecraft:villager":16,"minecraft:blaze":1,"minecraft:cow":21},"minecraft:custom":{"minecraft:interact_with_anvil":7,"minecraft:mob_kills":115,"minecraft:inspect_hopper":4,"minecraft:interact_with_crafting_table":70,"minecraft:open_barrel":2,"minecraft:bell_ring":2,"minecraft:leave_game":11,"minecraft:time_since_death":187813,"minecraft:sprint_one_cm":868317,"minecraft:walk_one_cm":814008,"minecraft:drop":115,"minecraft:talked_to_villager":14,"minecraft:raid_win":1,"minecraft:play_time":509041,"minecraft:sneak_time":14579,"minecraft:deaths":2,"minecraft:walk_under_water_one_cm":6317,"minecraft:boat_one_cm":227030,"minecraft:jump":5134,"minecraft:walk_on_water_one_cm":47806,"minecraft:enchant_item":5,"minecraft:total_world_time":509041,"minecraft:interact_with_furnace":66,"tombstone:raider_killed":8,"minecraft:traded_with_villager":2,"minecraft:tune_noteblock":32424,"minecraft:sleep_in_bed":13,"minecraft:time_since_rest":91803,"minecraft:waystone_activated":2,"minecraft:damage_taken":3693,"minecraft:damage_dealt":20995,"minecraft:swim_one_cm":8418,"minecraft:fly_one_cm":1336094,"minecraft:open_chest":213,"minecraft:crouch_one_cm":43349,"tombstone:undead_killed":31,"tombstone:villager_killed":16,"minecraft:fish_caught":370,"minecraft:fall_one_cm":125742,"minecraft:use_cauldron":1},"minecraft:mined":{"minecraft:large_amethyst_bud":3,"minecraft:tuff":33,"minecraft:white_bed":6,"minecraft:mossy_cobblestone":1,"minecraft:deepslate_diamond_ore":87,"minecraft:glow_lichen":1,"minecraft:granite":77,"minecraft:budding_amethyst":1,"minecraft:grass_block":744,"minecraft:composter":1,"minecraft:hopper":1,"minecraft:oak_wall_sign":5,"minecraft:spawner":3,"minecraft:hay_block":1,"minecraft:redstone_ore":3,"minecraft:magma_block":15,"minecraft:oak_trapdoor":2,"minecraft:glowstone":1,"minecraft:furnace":9,"minecraft:carrots":7,"minecraft:iron_ore":112,"minecraft:fire":3,"biomesoplenty:lavender":1,"minecraft:andesite":67,"minecraft:warped_wall_sign":1,"minecraft:potatoes":6,"minecraft:dirt_path":1,"minecraft:water_cauldron":7,"minecraft:cobblestone_slab":2,"minecraft:deepslate_iron_ore":20,"minecraft:small_amethyst_bud":3,"minecraft:warped_stem":6,"minecraft:stone":943,"minecraft:tripwire":4,"minecraft:deepslate_redstone_ore":4,"minecraft:medium_amethyst_bud":3,"minecraft:amethyst_cluster":1,"minecraft:crafting_table":7,"minecraft:torch":4,"minecraft:calcite":5,"minecraft:chest":1,"minecraft:lectern":2,"minecraft:copper_ore":12,"minecraft:tall_grass":32,"minecraft:cobblestone":122,"minecraft:deepslate_gold_ore":11,"minecraft:lapis_ore":2,"minecraft:diorite":58,"minecraft:wall_torch":10,"minecraft:amethyst_block":5,"minecraft:cauldron":5,"minecraft:wheat":11,"minecraft:yellow_bed":3,"minecraft:grass":256,"minecraft:oak_log":98,"minecraft:coal_ore":209,"minecraft:beetroots":3,"minecraft:gravel":17,"minecraft:dirt":55,"minecraft:sand":4,"minecraft:cobweb":18,"minecraft:smooth_basalt":2,"minecraft:netherrack":185,"minecraft:deepslate":418},"minecraft:killed_by":{"minecraft:skeleton":1},"minecraft:broken":{"minecraft:iron_shovel":1,"minecraft:stone_pickaxe":1,"vanillaplustools:stone_hammer":1,"minecraft:iron_pickaxe":1,"minecraft:fishing_rod":1},"minecraft:picked_up":{"minecraft:wooden_axe":1,"minecraft:crafting_table":7,"waystones:warp_stone":1,"minecraft:lead":1,"minecraft:amethyst_block":5,"minecraft:string":39,"minecraft:oak_trapdoor":2,"minecraft:raw_copper":39,"minecraft:oak_sign":4,"minecraft:beetroot":1,"minecraft:cobbled_deepslate":329,"minecraft:bucket":4,"minecraft:beef":43,"minecraft:oak_boat":14,"minecraft:cobblestone_slab":3,"minecraft:calcite":5,"minecraft:poppy":90,"minecraft:lectern":2,"minecraft:chest":1,"minecraft:furnace":9,"minecraft:egg":6,"minecraft:stick":3,"minecraft:raw_iron":129,"minecraft:composter":1,"minecraft:torch":13,"minecraft:porkchop":6,"tombstone:grave_dust":1,"minecraft:diorite":45,"minecraft:carrot":7,"minecraft:redstone":29,"minecraft:cauldron":11,"minecraft:zombie_spawn_egg":1,"minecraft:arrow":10,"minecraft:rotten_flesh":19,"minecraft:beetroot_seeds":4,"minecraft:hay_block":1,"minecraft:warped_sign":3,"minecraft:saddle":1,"minecraft:blaze_rod":1,"minecraft:mutton":19,"minecraft:rail":2,"minecraft:white_wool":12,"minecraft:cobblestone":923,"biomesoplenty:lavender":2,"minecraft:magma_block":10,"minecraft:tripwire_hook":2,"minecraft:andesite":65,"minecraft:leather":44,"minecraft:potato":6,"minecraft:tuff":33,"minecraft:oak_log":98,"minecraft:yellow_bed":3,"minecraft:gunpowder":4,"minecraft:lapis_lazuli":16,"minecraft:dirt":1086,"minecraft:white_banner":1,"minecraft:bone":7,"minecraft:apple":1,"minecraft:wheat_seeds":53,"minecraft:warped_stem":6,"minecraft:raw_gold":11,"minecraft:iron_ingot":14,"tombstone:bag_of_seeds":1,"minecraft:glowstone_dust":2,"minecraft:iron_sword":1,"minecraft:book":6,"minecraft:smooth_basalt":2,"minecraft:gravel":3,"minecraft:sand":4,"minecraft:amethyst_shard":4,"minecraft:white_bed":6,"minecraft:spider_eye":4,"minecraft:mossy_cobblestone":1,"minecraft:bundle":1,"minecraft:diamond":86,"minecraft:lever":1,"waystones:waystone":1,"minecraft:granite":72,"vanillaplustools:stone_hammer":1,"minecraft:warped_roots":1,"minecraft:emerald":2,"minecraft:oak_button":7,"tombstone:magic_scroll":1,"minecraft:netherrack":174,"minecraft:coal":468,"minecraft:hopper":1,"minecraft:diamond_pickaxe":2},"minecraft:used":{"minecraft:oak_fence":1,"minecraft:oak_trapdoor":2,"minecraft:stone_sword":71,"minecraft:iron_shovel":251,"minecraft:carved_pumpkin":1,"minecraft:oak_sign":6,"minecraft:chest":13,"minecraft:iron_sword":148,"minecraft:zombie_spawn_egg":4,"vanillaplustools:stone_hammer":130,"minecraft:warped_sign":6,"minecraft:oak_door":1,"minecraft:torch":44,"minecraft:soul_sand":4,"minecraft:dirt":337,"minecraft:anvil":1,"securitycraft:keypad_item":1,"minecraft:hopper":5,"minecraft:cobblestone_wall":84,"minecraft:wooden_axe":9,"minecraft:lava_bucket":2,"minecraft:villager_spawn_egg":11,"minecraft:iron_block":4,"minecraft:barrel":5,"minecraft:tripwire_hook":2,"minecraft:iron_trapdoor":1,"minecraft:furnace":13,"tombstone:gift":3,"minecraft:egg":6,"minecraft:cooked_beef":42,"minecraft:cooked_mutton":3,"minecraft:water_bucket":16,"minecraft:diorite":40,"minecraft:dirt_path":11,"minecraft:oak_planks":8,"minecraft:stone_pickaxe":131,"minecraft:wooden_pickaxe":13,"minecraft:cauldron":4,"biomesoplenty:lavender":1,"minecraft:fletching_table":3,"minecraft:cobblestone_slab":38,"minecraft:crafting_table":10,"minecraft:white_bed":17,"minecraft:note_block":1,"minecraft:shears":4,"tombstone:bag_of_seeds":3,"waystones:waystone":1,"minecraft:lever":1,"minecraft:diamond_pickaxe":1073,"minecraft:apple":2,"minecraft:diamond_shovel":1047,"minecraft:iron_pickaxe":251,"minecraft:string":7,"minecraft:heavy_weighted_pressure_plate":1,"minecraft:oak_button":9,"minecraft:bread":11,"minecraft:lectern":2,"minecraft:stone_axe":173,"minecraft:diamond_sword":99,"minecraft:fishing_rod":641,"minecraft:cobblestone":463,"minecraft:white_banner":1,"minecraft:andesite":28,"minecraft:bucket":15,"minecraft:oak_boat":14},"minecraft:crafted":{"minecraft:oak_door":3,"minecraft:oak_planks":380,"minecraft:cobblestone_slab":36,"minecraft:oak_sign":9,"minecraft:fishing_rod":8,"vanillaplustools:stone_hammer":1,"minecraft:furnace":4,"minecraft:stone_button":8,"minecraft:stone":20,"minecraft:diamond_shovel":1,"minecraft:lever":1,"securitycraft:keypad_item":1,"minecraft:heavy_weighted_pressure_plate":2,"minecraft:cooked_mutton":19,"minecraft:oak_trapdoor":2,"minecraft:warped_planks":24,"minecraft:hopper":4,"minecraft:diamond_helmet":1,"minecraft:diamond_leggings":1,"minecraft:iron_boots":1,"minecraft:stone_pickaxe":10,"minecraft:cobblestone_wall":138,"minecraft:chest":16,"minecraft:diamond_boots":1,"minecraft:oak_button":3,"minecraft:oak_fence":3,"minecraft:wheat":9,"minecraft:cooked_beef":43,"minecraft:diamond_sword":1,"minecraft:emerald":2,"minecraft:cooked_porkchop":6,"minecraft:iron_trapdoor":1,"minecraft:crafting_table":4,"minecraft:wooden_pickaxe":1,"minecraft:iron_helmet":1,"minecraft:iron_sword":1,"minecraft:bucket":1,"minecraft:stone_axe":2,"minecraft:bread":3,"minecraft:air":0,"minecraft:oak_boat":3,"minecraft:iron_chestplate":1,"minecraft:diamond_pickaxe":1,"minecraft:shield":1,"minecraft:warped_sign":6,"minecraft:stick":208,"minecraft:iron_ingot":129,"minecraft:iron_pickaxe":1,"minecraft:wooden_axe":1,"minecraft:iron_block":3,"minecraft:stone_sword":1,"minecraft:iron_shovel":1,"minecraft:iron_leggings":1,"minecraft:anvil":1,"minecraft:white_bed":3,"minecraft:note_block":1,"minecraft:torch":44,"minecraft:shears":1,"minecraft:diamond_chestplate":1},"minecraft:dropped":{"minecraft:iron_sword":1,"biomesoplenty:lavender":1,"minecraft:book":6,"minecraft:leather":44,"minecraft:emerald":1,"minecraft:stick":3,"minecraft:dirt":36,"minecraft:wooden_axe":2,"minecraft:sand":1,"minecraft:bucket":4,"minecraft:string":9,"minecraft:fishing_rod":1,"minecraft:stone_axe":2,"minecraft:zombie_spawn_egg":1,"minecraft:stone_sword":1,"minecraft:rotten_flesh":1,"minecraft:carrot":256,"waystones:warp_stone":1,"minecraft:cobblestone_slab":2,"minecraft:diamond_pickaxe":2,"vanillaplustools:stone_hammer":1,"minecraft:wooden_pickaxe":1}},"DataVersion":3463}