{"stats":{"minecraft:mined":{"minecraft:large_amethyst_bud":3,"minecraft:white_bed":6,"minecraft:granite":77,"minecraft:budding_amethyst":1,"minecraft:grass_block":2034,"minecraft:composter":1,"minecraft:hopper":1,"minecraft:oak_wall_sign":5,"minecraft:spawner":3,"minecraft:magma_block":15,"minecraft:glowstone":1,"minecraft:iron_ore":112,"minecraft:fire":3,"biomesoplenty:lavender":1,"minecraft:water_cauldron":7,"minecraft:dirt_path":1,"minecraft:small_amethyst_bud":3,"minecraft:tripwire":4,"minecraft:deepslate_redstone_ore":4,"minecraft:medium_amethyst_bud":3,"minecraft:amethyst_cluster":1,"minecraft:torch":6,"minecraft:calcite":5,"minecraft:chest":3,"minecraft:nether_quartz_ore":24,"minecraft:cobblestone":170,"minecraft:wall_torch":10,"minecraft:amethyst_block":5,"minecraft:cauldron":5,"minecraft:warped_nylium":1,"minecraft:repeater":1,"biomesoplenty:magic_leaves":6,"minecraft:wheat":11,"minecraft:grass":774,"minecraft:oak_log":270,"minecraft:beetroots":3,"minecraft:sand":32,"minecraft:dirt":722,"minecraft:smooth_basalt":2,"minecraft:netherrack":340,"minecraft:piston":8,"minecraft:oak_leaves":11,"minecraft:deepslate":418,"biomesoplenty:reed":1,"minecraft:tuff":33,"minecraft:mossy_cobblestone":1,"minecraft:deepslate_diamond_ore":87,"minecraft:oak_door":1,"biomesoplenty:magic_sapling":2,"minecraft:glow_lichen":1,"biomesoplenty:bush":2,"minecraft:redstone_wire":2,"biomesoplenty:jacaranda_sapling":1,"minecraft:hay_block":1,"minecraft:redstone_ore":3,"minecraft:oak_trapdoor":2,"minecraft:furnace":9,"minecraft:carrots":7,"minecraft:andesite":67,"minecraft:warped_wall_sign":1,"biomesoplenty:magic_log":9,"minecraft:potatoes":6,"minecraft:deepslate_iron_ore":20,"minecraft:cobblestone_slab":3,"minecraft:warped_stem":6,"minecraft:stone":1063,"minecraft:observer":1,"minecraft:dandelion":1,"minecraft:crafting_table":8,"minecraft:lectern":2,"minecraft:tall_grass":48,"minecraft:copper_ore":13,"minecraft:lapis_ore":2,"minecraft:deepslate_gold_ore":11,"minecraft:diorite":60,"minecraft:birch_leaves":1,"minecraft:yellow_bed":3,"minecraft:coal_ore":209,"minecraft:gravel":17,"minecraft:cobweb":18},"minecraft:crafted":{"minecraft:oak_planks":492,"minecraft:cobblestone_slab":96,"minecraft:oak_sign":9,"minecraft:stone":97,"minecraft:diamond_shovel":2,"minecraft:lever":1,"securitycraft:keypad_item":3,"minecraft:heavy_weighted_pressure_plate":4,"minecraft:cooked_mutton":19,"minecraft:warped_planks":24,"minecraft:hopper":5,"minecraft:iron_boots":1,"minecraft:diamond_helmet":1,"minecraft:repeater":11,"minecraft:bow":1,"minecraft:diamond_leggings":1,"minecraft:chest":21,"minecraft:oak_button":3,"minecraft:iron_door":3,"minecraft:oak_fence":3,"securitycraft:keypad_door_item":1,"minecraft:emerald":2,"minecraft:cooked_porkchop":6,"minecraft:diamond_axe":1,"minecraft:crafting_table":4,"minecraft:wooden_pickaxe":1,"minecraft:iron_helmet":1,"minecraft:dispenser":1,"minecraft:iron_chestplate":1,"minecraft:diamond_pickaxe":12,"minecraft:shield":1,"minecraft:stick":248,"minecraft:iron_ingot":183,"minecraft:iron_pickaxe":1,"minecraft:iron_block":317,"minecraft:stone_sword":1,"minecraft:redstone_torch":25,"vanillaplustools:diamond_hammer":1,"minecraft:shears":1,"minecraft:oak_door":3,"minecraft:fishing_rod":8,"vanillaplustools:stone_hammer":1,"minecraft:furnace":4,"minecraft:stone_button":26,"minecraft:piston":24,"securitycraft:keypad_frame":1,"minecraft:oak_trapdoor":2,"securitycraft:universal_block_remover":1,"minecraft:cobblestone_wall":138,"minecraft:stone_pickaxe":10,"minecraft:diamond_boots":1,"minecraft:observer":1,"minecraft:wheat":9,"minecraft:cooked_beef":43,"minecraft:cooked_cod":64,"minecraft:diamond_sword":2,"minecraft:iron_trapdoor":1,"minecraft:iron_sword":1,"minecraft:bucket":1,"minecraft:stone_axe":2,"minecraft:bread":3,"minecraft:air":0,"minecraft:oak_boat":3,"securitycraft:door_indestructible_iron_item":1,"minecraft:warped_sign":6,"minecraft:wooden_axe":1,"minecraft:iron_shovel":1,"minecraft:iron_leggings":1,"minecraft:anvil":1,"minecraft:white_bed":3,"minecraft:note_block":1,"minecraft:torch":100,"minecraft:diamond_chestplate":1},"minecraft:killed_by":{"minecraft:skeleton":1},"minecraft:picked_up":{"minecraft:wooden_axe":1,"waystones:warp_stone":1,"minecraft:lead":1,"minecraft:amethyst_block":5,"minecraft:string":39,"minecraft:raw_copper":47,"minecraft:oak_sign":4,"minecraft:beetroot":1,"minecraft:cobbled_deepslate":329,"minecraft:bucket":4,"minecraft:cobblestone_slab":4,"minecraft:calcite":5,"minecraft:furnace":9,"minecraft:stick":6,"minecraft:composter":1,"minecraft:torch":18,"minecraft:porkchop":7,"tombstone:grave_dust":4,"minecraft:diorite":47,"minecraft:cauldron":11,"minecraft:zombie_spawn_egg":1,"minecraft:rotten_flesh":24,"minecraft:iron_block":128,"minecraft:blaze_rod":1,"minecraft:cod":2,"minecraft:cobblestone":1067,"biomesoplenty:lavender":2,"minecraft:magma_block":10,"minecraft:repeater":1,"minecraft:andesite":65,"minecraft:potato":6,"minecraft:tuff":33,"minecraft:lapis_lazuli":16,"minecraft:dirt":3015,"minecraft:bone":7,"minecraft:wheat_seeds":122,"minecraft:raw_gold":11,"minecraft:glowstone_dust":2,"biomesoplenty:magic_sapling":3,"minecraft:sand":31,"minecraft:mossy_cobblestone":1,"minecraft:bundle":1,"minecraft:diamond":86,"minecraft:lever":1,"waystones:waystone":1,"minecraft:granite":72,"minecraft:emerald":2,"minecraft:oak_sapling":5,"minecraft:netherrack":321,"minecraft:diamond_pickaxe":2,"minecraft:crafting_table":8,"biomesoplenty:jacaranda_sapling":1,"minecraft:oak_trapdoor":2,"minecraft:beef":43,"minecraft:oak_boat":14,"minecraft:observer":1,"minecraft:poppy":90,"minecraft:lectern":2,"minecraft:chest":2,"minecraft:piston":8,"minecraft:egg":8,"minecraft:raw_iron":129,"minecraft:stone":1,"minecraft:oak_door":1,"minecraft:carrot":7,"minecraft:redstone":33,"minecraft:arrow":10,"minecraft:beetroot_seeds":4,"minecraft:hay_block":1,"minecraft:warped_sign":3,"minecraft:saddle":1,"minecraft:mutton":19,"minecraft:white_wool":12,"minecraft:rail":2,"minecraft:tripwire_hook":2,"minecraft:salmon":1,"minecraft:leather":44,"minecraft:oak_log":268,"minecraft:yellow_bed":3,"minecraft:gunpowder":5,"minecraft:cobblestone_stairs":1,"minecraft:white_banner":1,"minecraft:apple":2,"minecraft:kelp":6188,"minecraft:warped_stem":6,"minecraft:iron_ingot":14,"biomesoplenty:magic_log":9,"tombstone:bag_of_seeds":1,"minecraft:iron_sword":1,"minecraft:book":6,"minecraft:smooth_basalt":2,"minecraft:quartz":59,"minecraft:dandelion":1,"minecraft:gravel":3,"minecraft:amethyst_shard":4,"minecraft:white_bed":6,"minecraft:spider_eye":4,"vanillaplustools:stone_hammer":1,"minecraft:warped_roots":1,"minecraft:oak_button":7,"minecraft:baked_potato":128,"securitycraft:keypad":1,"tombstone:magic_scroll":1,"minecraft:warped_nylium":1,"minecraft:coal":468,"minecraft:hopper":1},"minecraft:custom":{"minecraft:interact_with_crafting_table":111,"minecraft:open_barrel":2,"minecraft:bell_ring":2,"minecraft:leave_game":19,"minecraft:time_since_death":985027,"minecraft:sprint_one_cm":1412063,"minecraft:drop":135,"minecraft:talked_to_villager":14,"minecraft:play_time":1306255,"minecraft:deaths":2,"minecraft:jump":8161,"minecraft:walk_on_water_one_cm":62816,"minecraft:enchant_item":15,"minecraft:interact_with_furnace":97,"minecraft:traded_with_villager":2,"minecraft:sleep_in_bed":16,"minecraft:waystone_activated":3,"minecraft:damage_dealt":23302,"minecraft:crouch_one_cm":92771,"tombstone:undead_killed":36,"tombstone:villager_killed":19,"minecraft:interact_with_smoker":2,"minecraft:use_cauldron":1,"minecraft:inspect_dispenser":5,"minecraft:horse_one_cm":2635,"minecraft:mob_kills":127,"minecraft:interact_with_anvil":12,"minecraft:inspect_hopper":26,"minecraft:walk_one_cm":1634717,"minecraft:raid_win":1,"minecraft:sneak_time":25113,"minecraft:walk_under_water_one_cm":12276,"minecraft:boat_one_cm":263653,"minecraft:interact_with_blast_furnace":2,"minecraft:total_world_time":1306255,"tombstone:raider_killed":8,"minecraft:tune_noteblock":154910,"minecraft:time_since_rest":66593,"minecraft:damage_taken":3925,"minecraft:swim_one_cm":12407,"minecraft:fly_one_cm":2198808,"minecraft:open_chest":441,"minecraft:fish_caught":1414,"minecraft:fall_one_cm":163004},"minecraft:broken":{"minecraft:iron_shovel":1,"minecraft:stone_pickaxe":1,"minecraft:fishing_rod":1,"vanillaplustools:stone_hammer":1,"minecraft:iron_pickaxe":1},"minecraft:dropped":{"minecraft:iron_sword":1,"minecraft:leather":44,"minecraft:cobblestone_stairs":1,"minecraft:emerald":1,"minecraft:dirt":36,"minecraft:sand":1,"minecraft:fishing_rod":1,"minecraft:stone_axe":2,"minecraft:rotten_flesh":3,"minecraft:carrot":256,"waystones:warp_stone":1,"minecraft:poppy":254,"vanillaplustools:stone_hammer":1,"minecraft:netherrack":4,"biomesoplenty:lavender":1,"minecraft:iron_helmet":1,"minecraft:cobblestone":1,"minecraft:book":6,"minecraft:stick":3,"minecraft:iron_block":128,"minecraft:wooden_axe":2,"minecraft:iron_leggings":1,"minecraft:string":9,"minecraft:bucket":4,"minecraft:zombie_spawn_egg":1,"minecraft:kelp":1,"minecraft:stone_sword":1,"minecraft:iron_boots":1,"minecraft:cobblestone_slab":2,"minecraft:diamond_pickaxe":2,"minecraft:iron_chestplate":1,"minecraft:oak_sapling":1,"minecraft:wooden_pickaxe":1},"minecraft:killed":{"minecraft:cave_spider":2,"minecraft:witch":1,"minecraft:spider":5,"minecraft:skeleton":13,"minecraft:chicken":1,"minecraft:piglin":1,"minecraft:pig":4,"minecraft:iron_golem":2,"minecraft:creeper":4,"minecraft:sheep":12,"minecraft:pillager":4,"minecraft:zombie":22,"minecraft:cow":21,"minecraft:blaze":1,"minecraft:vindicator":2,"minecraft:drowned":1,"minecraft:ravager":1,"minecraft:villager":19,"minecraft:enderman":1},"minecraft:used":{"minecraft:iron_shovel":251,"minecraft:dispenser":1,"minecraft:oak_sign":6,"minecraft:chest":25,"minecraft:iron_sword":148,"minecraft:zombie_spawn_egg":5,"minecraft:warped_sign":15,"minecraft:soul_sand":4,"securitycraft:keypad_item":3,"minecraft:glass":563,"minecraft:lava_bucket":3,"minecraft:villager_spawn_egg":17,"minecraft:grass_block":28,"biomesoplenty:jacaranda_sapling":1,"minecraft:repeater":12,"minecraft:magma_block":3,"minecraft:furnace":13,"minecraft:oak_sapling":43,"minecraft:egg":10,"minecraft:diorite":40,"minecraft:stone_pickaxe":131,"minecraft:oak_planks":8,"minecraft:wooden_pickaxe":13,"securitycraft:keypad_frame":1,"minecraft:composter":3,"biomesoplenty:lavender":1,"minecraft:diamond_axe":211,"vanillaplustools:diamond_hammer":2,"securitycraft:universal_block_remover":1,"minecraft:note_block":1,"minecraft:shears":4,"minecraft:redstone_torch":3,"waystones:waystone":1,"minecraft:lever":2,"minecraft:heavy_weighted_pressure_plate":1,"minecraft:bread":11,"minecraft:string":7,"minecraft:lectern":2,"minecraft:diamond_sword":150,"minecraft:andesite":28,"minecraft:oak_boat":15,"minecraft:bone_meal":64,"minecraft:oak_fence":1,"minecraft:oak_trapdoor":2,"minecraft:stone_sword":71,"minecraft:carved_pumpkin":1,"minecraft:redstone":119,"securitycraft:keypad_door_item":1,"vanillaplustools:stone_hammer":130,"minecraft:oak_door":1,"minecraft:torch":128,"minecraft:dirt":4254,"minecraft:anvil":1,"minecraft:hopper":105,"minecraft:cobblestone_wall":84,"minecraft:wooden_axe":9,"minecraft:iron_block":4,"minecraft:barrel":8,"minecraft:tripwire_hook":2,"minecraft:iron_trapdoor":1,"tombstone:gift":3,"minecraft:cooked_beef":43,"minecraft:observer":97,"minecraft:cooked_mutton":3,"minecraft:water_bucket":114,"minecraft:cobblestone_stairs":15,"minecraft:dirt_path":61,"minecraft:baked_potato":27,"minecraft:cauldron":4,"minecraft:fletching_table":3,"minecraft:cobblestone_slab":293,"minecraft:oak_slab":4,"minecraft:crafting_table":11,"minecraft:white_bed":20,"minecraft:cod":2,"biomesoplenty:magic_sapling":3,"tombstone:bag_of_seeds":3,"minecraft:piston":124,"minecraft:diamond_pickaxe":1437,"minecraft:apple":3,"minecraft:diamond_shovel":3167,"minecraft:oak_button":15,"minecraft:iron_pickaxe":251,"minecraft:stone_axe":173,"minecraft:fishing_rod":2136,"minecraft:cobblestone":1329,"minecraft:white_banner":1,"minecraft:bucket":16,"minecraft:kelp":96}},"DataVersion":3463}