{"stats":{"minecraft:dropped":{"minecraft:stone_axe":1,"minecraft:rotten_flesh":1,"minecraft:dirt":3,"minecraft:wooden_axe":2,"minecraft:wooden_pickaxe":1},"minecraft:custom":{"minecraft:interact_with_furnace":17,"minecraft:mob_kills":48,"minecraft:interact_with_crafting_table":16,"minecraft:leave_game":4,"minecraft:time_since_death":58122,"minecraft:sleep_in_bed":7,"minecraft:time_since_rest":0,"minecraft:sprint_one_cm":239210,"minecraft:damage_taken":875,"minecraft:walk_one_cm":162879,"minecraft:drop":8,"minecraft:damage_dealt":5478,"minecraft:swim_one_cm":785,"minecraft:talked_to_villager":1,"minecraft:fly_one_cm":410165,"minecraft:open_chest":36,"minecraft:crouch_one_cm":10497,"minecraft:play_time":85190,"tombstone:undead_killed":5,"minecraft:deaths":1,"minecraft:sneak_time":3295,"minecraft:walk_under_water_one_cm":672,"minecraft:jump":1426,"minecraft:walk_on_water_one_cm":2321,"minecraft:total_world_time":85190,"minecraft:fall_one_cm":37081},"minecraft:killed_by":{"minecraft:skeleton":1},"minecraft:killed":{"minecraft:pig":3,"minecraft:spider":1,"minecraft:creeper":1,"minecraft:sheep":12,"minecraft:skeleton":2,"minecraft:zombie":3,"minecraft:chicken":1,"minecraft:cow":21},"minecraft:used":{"minecraft:cooked_mutton":3,"minecraft:diorite":32,"minecraft:iron_shovel":251,"minecraft:stone_pickaxe":108,"minecraft:oak_sign":1,"minecraft:chest":8,"minecraft:wooden_pickaxe":13,"biomesoplenty:lavender":1,"vanillaplustools:stone_hammer":63,"minecraft:torch":13,"minecraft:dirt":144,"minecraft:crafting_table":4,"minecraft:white_bed":2,"tombstone:bag_of_seeds":2,"minecraft:wooden_axe":9,"minecraft:apple":2,"minecraft:bread":11,"minecraft:stone_axe":171,"minecraft:cobblestone":11,"minecraft:furnace":5,"minecraft:andesite":22,"minecraft:egg":5,"minecraft:cooked_beef":3},"minecraft:broken":{"minecraft:iron_shovel":1},"minecraft:crafted":{"minecraft:cooked_beef":43,"minecraft:oak_planks":156,"minecraft:oak_sign":3,"vanillaplustools:stone_hammer":1,"minecraft:cooked_porkchop":6,"minecraft:crafting_table":1,"minecraft:wooden_pickaxe":1,"minecraft:furnace":4,"minecraft:stone_axe":2,"minecraft:bread":3,"minecraft:cooked_mutton":19,"minecraft:air":0,"minecraft:stick":48,"minecraft:stone_pickaxe":10,"minecraft:wooden_axe":1,"minecraft:chest":7,"minecraft:iron_shovel":1,"minecraft:torch":44,"minecraft:wheat":9},"minecraft:mined":{"minecraft:white_bed":2,"minecraft:crafting_table":3,"minecraft:torch":3,"minecraft:grass_block":276,"minecraft:chest":1,"minecraft:copper_ore":12,"minecraft:tall_grass":17,"minecraft:cobblestone":3,"minecraft:diorite":32,"minecraft:wall_torch":2,"minecraft:hay_block":1,"minecraft:furnace":5,"minecraft:carrots":7,"minecraft:iron_ore":27,"minecraft:wheat":11,"biomesoplenty:lavender":1,"minecraft:andesite":48,"minecraft:grass":197,"minecraft:oak_log":97,"minecraft:potatoes":6,"minecraft:coal_ore":164,"minecraft:beetroots":3,"minecraft:gravel":1,"minecraft:dirt":5,"minecraft:stone":307},"minecraft:picked_up":{"minecraft:wooden_axe":1,"biomesoplenty:lavender":1,"minecraft:crafting_table":3,"minecraft:andesite":48,"minecraft:leather":22,"minecraft:potato":6,"minecraft:oak_log":97,"minecraft:gunpowder":3,"minecraft:dirt":558,"minecraft:raw_copper":39,"minecraft:apple":1,"minecraft:beetroot":1,"minecraft:wheat_seeds":33,"minecraft:beef":43,"minecraft:chest":1,"minecraft:egg":5,"minecraft:furnace":5,"minecraft:raw_iron":27,"minecraft:torch":4,"minecraft:gravel":1,"minecraft:porkchop":6,"minecraft:diorite":32,"minecraft:white_bed":2,"minecraft:carrot":7,"minecraft:rotten_flesh":3,"minecraft:beetroot_seeds":4,"minecraft:hay_block":1,"minecraft:mutton":19,"minecraft:coal":258,"minecraft:cobblestone":310,"minecraft:white_wool":12}},"DataVersion":3463}