{"stats":{"minecraft:dropped":{"minecraft:iron_sword":1,"minecraft:stone_axe":2,"minecraft:stone_sword":1,"biomesoplenty:lavender":1,"minecraft:rotten_flesh":1,"minecraft:dirt":3,"minecraft:wooden_axe":2,"vanillaplustools:stone_hammer":1,"minecraft:wooden_pickaxe":1},"minecraft:custom":{"minecraft:interact_with_furnace":42,"minecraft:mob_kills":71,"minecraft:interact_with_crafting_table":22,"minecraft:bell_ring":1,"minecraft:leave_game":8,"minecraft:time_since_death":110539,"minecraft:sleep_in_bed":8,"minecraft:time_since_rest":7062,"minecraft:sprint_one_cm":414826,"minecraft:damage_taken":1703,"minecraft:walk_one_cm":277634,"minecraft:drop":13,"minecraft:damage_dealt":10097,"minecraft:play_time":137607,"minecraft:swim_one_cm":5118,"minecraft:fly_one_cm":650665,"minecraft:talked_to_villager":1,"minecraft:crouch_one_cm":15767,"minecraft:open_chest":44,"tombstone:undead_killed":18,"minecraft:deaths":1,"minecraft:sneak_time":4917,"minecraft:walk_under_water_one_cm":4035,"minecraft:jump":2517,"minecraft:walk_on_water_one_cm":9690,"minecraft:total_world_time":137607,"minecraft:fall_one_cm":73522},"minecraft:killed_by":{"minecraft:skeleton":1},"minecraft:killed":{"minecraft:cave_spider":2,"minecraft:pig":3,"minecraft:spider":4,"minecraft:creeper":2,"minecraft:sheep":12,"minecraft:skeleton":7,"minecraft:zombie":11,"minecraft:chicken":1,"minecraft:cow":21},"minecraft:used":{"minecraft:cooked_mutton":3,"minecraft:diorite":40,"minecraft:stone_sword":71,"minecraft:iron_shovel":251,"minecraft:stone_pickaxe":131,"minecraft:oak_sign":1,"minecraft:chest":8,"minecraft:wooden_pickaxe":13,"minecraft:iron_sword":46,"biomesoplenty:lavender":1,"vanillaplustools:stone_hammer":130,"minecraft:torch":16,"minecraft:dirt":144,"minecraft:crafting_table":6,"minecraft:white_bed":2,"tombstone:bag_of_seeds":3,"minecraft:wooden_axe":9,"minecraft:apple":2,"minecraft:bread":11,"minecraft:iron_pickaxe":190,"minecraft:stone_axe":173,"minecraft:cobblestone":49,"minecraft:furnace":9,"minecraft:andesite":27,"tombstone:gift":1,"minecraft:egg":5,"minecraft:cooked_beef":16},"minecraft:broken":{"minecraft:stone_pickaxe":1,"minecraft:iron_shovel":1,"vanillaplustools:stone_hammer":1},"minecraft:crafted":{"minecraft:cooked_beef":43,"minecraft:oak_planks":172,"minecraft:oak_sign":3,"vanillaplustools:stone_hammer":1,"minecraft:cooked_porkchop":6,"minecraft:crafting_table":2,"minecraft:iron_helmet":1,"minecraft:wooden_pickaxe":1,"minecraft:iron_sword":1,"minecraft:furnace":4,"minecraft:stone_axe":2,"minecraft:cooked_mutton":19,"minecraft:bread":3,"minecraft:air":0,"minecraft:iron_boots":1,"minecraft:iron_chestplate":1,"minecraft:stick":56,"minecraft:iron_ingot":65,"minecraft:iron_pickaxe":1,"minecraft:stone_pickaxe":10,"minecraft:wooden_axe":1,"minecraft:stone_sword":1,"minecraft:chest":7,"minecraft:iron_shovel":1,"minecraft:iron_leggings":1,"minecraft:torch":44,"minecraft:wheat":9},"minecraft:mined":{"minecraft:large_amethyst_bud":1,"minecraft:white_bed":2,"minecraft:medium_amethyst_bud":1,"minecraft:amethyst_cluster":1,"minecraft:glow_lichen":1,"minecraft:crafting_table":5,"minecraft:torch":3,"minecraft:granite":77,"minecraft:budding_amethyst":1,"minecraft:calcite":3,"minecraft:grass_block":277,"minecraft:chest":1,"minecraft:copper_ore":12,"minecraft:tall_grass":17,"minecraft:cobblestone":3,"minecraft:lapis_ore":2,"minecraft:wall_torch":3,"minecraft:diorite":45,"minecraft:amethyst_block":3,"minecraft:spawner":2,"minecraft:hay_block":1,"minecraft:furnace":9,"minecraft:carrots":7,"minecraft:iron_ore":112,"minecraft:wheat":11,"biomesoplenty:lavender":1,"minecraft:andesite":61,"minecraft:grass":197,"minecraft:potatoes":6,"minecraft:coal_ore":209,"minecraft:oak_log":97,"minecraft:deepslate_iron_ore":5,"minecraft:beetroots":3,"minecraft:small_amethyst_bud":2,"minecraft:gravel":3,"minecraft:dirt":5,"minecraft:cobweb":18,"minecraft:smooth_basalt":1,"minecraft:stone":767,"minecraft:deepslate":6},"minecraft:picked_up":{"minecraft:wooden_axe":1,"minecraft:crafting_table":5,"minecraft:andesite":59,"minecraft:leather":22,"minecraft:potato":6,"minecraft:oak_log":97,"minecraft:amethyst_block":3,"minecraft:gunpowder":3,"minecraft:lapis_lazuli":16,"minecraft:dirt":559,"minecraft:string":22,"minecraft:raw_copper":39,"minecraft:bone":4,"minecraft:beetroot":1,"minecraft:apple":1,"minecraft:wheat_seeds":33,"minecraft:cobbled_deepslate":9,"minecraft:beef":43,"minecraft:calcite":3,"tombstone:bag_of_seeds":1,"minecraft:chest":1,"minecraft:iron_sword":1,"minecraft:furnace":9,"minecraft:egg":5,"minecraft:smooth_basalt":1,"minecraft:raw_iron":117,"minecraft:torch":5,"minecraft:gravel":3,"minecraft:porkchop":6,"minecraft:amethyst_shard":4,"minecraft:diorite":45,"minecraft:white_bed":2,"minecraft:carrot":7,"minecraft:spider_eye":3,"minecraft:bundle":1,"minecraft:arrow":7,"minecraft:rotten_flesh":13,"minecraft:beetroot_seeds":4,"minecraft:hay_block":1,"minecraft:granite":72,"vanillaplustools:stone_hammer":1,"tombstone:magic_scroll":1,"minecraft:mutton":19,"minecraft:coal":468,"minecraft:white_wool":12,"minecraft:rail":2,"minecraft:cobblestone":752,"biomesoplenty:lavender":2}},"DataVersion":3463}