{"stats":{"minecraft:killed":{"minecraft:cave_spider":2,"minecraft:witch":1,"minecraft:spider":5,"minecraft:skeleton":13,"minecraft:chicken":1,"minecraft:piglin":1,"minecraft:pig":3,"minecraft:iron_golem":2,"minecraft:creeper":4,"minecraft:sheep":12,"minecraft:pillager":4,"minecraft:zombie":22,"minecraft:cow":21,"minecraft:blaze":1,"minecraft:vindicator":2,"minecraft:drowned":1,"minecraft:ravager":1,"minecraft:villager":19},"minecraft:custom":{"minecraft:interact_with_crafting_table":81,"minecraft:open_barrel":2,"minecraft:bell_ring":2,"minecraft:leave_game":14,"minecraft:time_since_death":394794,"minecraft:sprint_one_cm":1197296,"minecraft:drop":128,"minecraft:talked_to_villager":14,"minecraft:play_time":716022,"minecraft:deaths":2,"minecraft:jump":6607,"minecraft:walk_on_water_one_cm":55859,"minecraft:enchant_item":11,"minecraft:interact_with_furnace":81,"minecraft:traded_with_villager":2,"minecraft:sleep_in_bed":15,"minecraft:waystone_activated":2,"minecraft:damage_dealt":22681,"minecraft:crouch_one_cm":86099,"tombstone:undead_killed":36,"tombstone:villager_killed":19,"minecraft:use_cauldron":1,"minecraft:mob_kills":124,"minecraft:interact_with_anvil":9,"minecraft:inspect_hopper":14,"minecraft:walk_one_cm":1343864,"minecraft:raid_win":1,"minecraft:sneak_time":23070,"minecraft:walk_under_water_one_cm":8544,"minecraft:boat_one_cm":229415,"minecraft:total_world_time":716022,"tombstone:raider_killed":8,"minecraft:tune_noteblock":39187,"minecraft:time_since_rest":34548,"minecraft:damage_taken":3783,"minecraft:swim_one_cm":12407,"minecraft:fly_one_cm":1778366,"minecraft:open_chest":306,"minecraft:fish_caught":432,"minecraft:fall_one_cm":144763},"minecraft:mined":{"minecraft:large_amethyst_bud":3,"minecraft:white_bed":6,"minecraft:granite":77,"minecraft:budding_amethyst":1,"minecraft:grass_block":1681,"minecraft:composter":1,"minecraft:hopper":1,"minecraft:oak_wall_sign":5,"minecraft:spawner":3,"minecraft:magma_block":15,"minecraft:glowstone":1,"minecraft:iron_ore":112,"minecraft:fire":3,"biomesoplenty:lavender":1,"minecraft:water_cauldron":7,"minecraft:dirt_path":1,"minecraft:small_amethyst_bud":3,"minecraft:tripwire":4,"minecraft:deepslate_redstone_ore":4,"minecraft:medium_amethyst_bud":3,"minecraft:amethyst_cluster":1,"minecraft:torch":4,"minecraft:calcite":5,"minecraft:chest":1,"minecraft:cobblestone":122,"minecraft:wall_torch":10,"minecraft:amethyst_block":5,"minecraft:cauldron":5,"minecraft:wheat":11,"minecraft:grass":596,"minecraft:oak_log":270,"minecraft:beetroots":3,"minecraft:sand":32,"minecraft:dirt":546,"minecraft:smooth_basalt":2,"minecraft:netherrack":185,"minecraft:oak_leaves":9,"minecraft:deepslate":418,"biomesoplenty:reed":1,"minecraft:tuff":33,"minecraft:mossy_cobblestone":1,"minecraft:deepslate_diamond_ore":87,"minecraft:oak_door":1,"minecraft:glow_lichen":1,"biomesoplenty:bush":2,"minecraft:hay_block":1,"minecraft:redstone_ore":3,"minecraft:oak_trapdoor":2,"minecraft:furnace":9,"minecraft:carrots":7,"minecraft:andesite":67,"minecraft:warped_wall_sign":1,"minecraft:potatoes":6,"minecraft:deepslate_iron_ore":20,"minecraft:cobblestone_slab":2,"minecraft:warped_stem":6,"minecraft:stone":1005,"minecraft:crafting_table":7,"minecraft:lectern":2,"minecraft:tall_grass":48,"minecraft:copper_ore":12,"minecraft:lapis_ore":2,"minecraft:deepslate_gold_ore":11,"minecraft:diorite":60,"minecraft:birch_leaves":1,"minecraft:yellow_bed":3,"minecraft:coal_ore":209,"minecraft:gravel":17,"minecraft:cobweb":18},"minecraft:killed_by":{"minecraft:skeleton":1},"minecraft:broken":{"minecraft:iron_shovel":1,"minecraft:stone_pickaxe":1,"minecraft:fishing_rod":1,"vanillaplustools:stone_hammer":1,"minecraft:iron_pickaxe":1},"minecraft:picked_up":{"minecraft:wooden_axe":1,"waystones:warp_stone":1,"minecraft:lead":1,"minecraft:amethyst_block":5,"minecraft:string":39,"minecraft:raw_copper":39,"minecraft:oak_sign":4,"minecraft:beetroot":1,"minecraft:cobbled_deepslate":329,"minecraft:bucket":4,"minecraft:cobblestone_slab":3,"minecraft:calcite":5,"minecraft:furnace":9,"minecraft:stick":6,"minecraft:composter":1,"minecraft:torch":14,"minecraft:porkchop":6,"tombstone:grave_dust":4,"minecraft:diorite":47,"minecraft:cauldron":11,"minecraft:zombie_spawn_egg":1,"minecraft:rotten_flesh":24,"minecraft:blaze_rod":1,"minecraft:cod":1,"minecraft:cobblestone":982,"biomesoplenty:lavender":2,"minecraft:magma_block":10,"minecraft:andesite":65,"minecraft:potato":6,"minecraft:tuff":33,"minecraft:lapis_lazuli":16,"minecraft:dirt":2490,"minecraft:bone":7,"minecraft:wheat_seeds":102,"minecraft:raw_gold":11,"minecraft:glowstone_dust":2,"minecraft:sand":31,"minecraft:mossy_cobblestone":1,"minecraft:bundle":1,"minecraft:diamond":86,"waystones:waystone":1,"minecraft:lever":1,"minecraft:granite":72,"minecraft:emerald":2,"minecraft:oak_sapling":4,"minecraft:netherrack":174,"minecraft:diamond_pickaxe":2,"minecraft:crafting_table":7,"minecraft:oak_trapdoor":2,"minecraft:beef":43,"minecraft:oak_boat":14,"minecraft:poppy":90,"minecraft:lectern":2,"minecraft:chest":1,"minecraft:egg":8,"minecraft:raw_iron":129,"minecraft:oak_door":1,"minecraft:carrot":7,"minecraft:redstone":29,"minecraft:arrow":10,"minecraft:beetroot_seeds":4,"minecraft:hay_block":1,"minecraft:warped_sign":3,"minecraft:saddle":1,"minecraft:mutton":19,"minecraft:rail":2,"minecraft:white_wool":12,"minecraft:tripwire_hook":2,"minecraft:leather":44,"minecraft:oak_log":268,"minecraft:yellow_bed":3,"minecraft:gunpowder":5,"minecraft:cobblestone_stairs":1,"minecraft:white_banner":1,"minecraft:apple":2,"minecraft:kelp":41,"minecraft:warped_stem":6,"minecraft:iron_ingot":14,"tombstone:bag_of_seeds":1,"minecraft:iron_sword":1,"minecraft:book":6,"minecraft:smooth_basalt":2,"minecraft:gravel":3,"minecraft:amethyst_shard":4,"minecraft:white_bed":6,"minecraft:spider_eye":4,"vanillaplustools:stone_hammer":1,"minecraft:warped_roots":1,"minecraft:oak_button":7,"securitycraft:keypad":1,"minecraft:baked_potato":128,"tombstone:magic_scroll":1,"minecraft:coal":468,"minecraft:hopper":1},"minecraft:used":{"minecraft:iron_shovel":251,"minecraft:oak_sign":6,"minecraft:chest":21,"minecraft:iron_sword":148,"minecraft:zombie_spawn_egg":5,"minecraft:warped_sign":15,"minecraft:soul_sand":4,"securitycraft:keypad_item":3,"minecraft:glass":466,"minecraft:lava_bucket":3,"minecraft:villager_spawn_egg":17,"minecraft:grass_block":28,"minecraft:furnace":13,"minecraft:oak_sapling":3,"minecraft:egg":8,"minecraft:diorite":40,"minecraft:stone_pickaxe":131,"minecraft:oak_planks":8,"minecraft:wooden_pickaxe":13,"securitycraft:keypad_frame":1,"minecraft:composter":3,"biomesoplenty:lavender":1,"minecraft:diamond_axe":199,"securitycraft:universal_block_remover":1,"minecraft:note_block":1,"minecraft:shears":4,"waystones:waystone":1,"minecraft:lever":1,"minecraft:heavy_weighted_pressure_plate":1,"minecraft:bread":11,"minecraft:string":7,"minecraft:lectern":2,"minecraft:diamond_sword":127,"minecraft:andesite":28,"minecraft:oak_boat":15,"minecraft:oak_trapdoor":2,"minecraft:oak_fence":1,"minecraft:stone_sword":71,"minecraft:carved_pumpkin":1,"minecraft:redstone":91,"securitycraft:keypad_door_item":1,"vanillaplustools:stone_hammer":130,"minecraft:oak_door":1,"minecraft:torch":88,"minecraft:dirt":3314,"minecraft:anvil":1,"minecraft:hopper":102,"minecraft:cobblestone_wall":84,"minecraft:wooden_axe":9,"minecraft:iron_block":4,"minecraft:barrel":8,"minecraft:tripwire_hook":2,"minecraft:iron_trapdoor":1,"tombstone:gift":3,"minecraft:cooked_beef":43,"minecraft:observer":95,"minecraft:cooked_mutton":3,"minecraft:water_bucket":113,"minecraft:cobblestone_stairs":15,"minecraft:dirt_path":61,"minecraft:baked_potato":12,"minecraft:cauldron":4,"minecraft:fletching_table":3,"minecraft:cobblestone_slab":38,"minecraft:oak_slab":4,"minecraft:crafting_table":10,"minecraft:white_bed":20,"minecraft:cod":1,"tombstone:bag_of_seeds":3,"minecraft:piston":92,"minecraft:diamond_pickaxe":1153,"minecraft:apple":3,"minecraft:diamond_shovel":2628,"minecraft:oak_button":15,"minecraft:iron_pickaxe":251,"minecraft:stone_axe":173,"minecraft:fishing_rod":748,"minecraft:cobblestone":1224,"minecraft:white_banner":1,"minecraft:bucket":15,"minecraft:kelp":96},"minecraft:crafted":{"minecraft:oak_planks":380,"minecraft:cobblestone_slab":36,"minecraft:oak_sign":9,"minecraft:stone":53,"securitycraft:keypad_item":3,"minecraft:lever":1,"minecraft:diamond_shovel":2,"minecraft:heavy_weighted_pressure_plate":4,"minecraft:cooked_mutton":19,"minecraft:warped_planks":24,"minecraft:hopper":4,"minecraft:diamond_helmet":1,"minecraft:iron_boots":1,"minecraft:diamond_leggings":1,"minecraft:chest":16,"minecraft:oak_button":3,"minecraft:iron_door":3,"minecraft:oak_fence":3,"securitycraft:keypad_door_item":1,"minecraft:emerald":2,"minecraft:cooked_porkchop":6,"minecraft:diamond_axe":1,"minecraft:crafting_table":4,"minecraft:wooden_pickaxe":1,"minecraft:iron_helmet":1,"minecraft:iron_chestplate":1,"minecraft:diamond_pickaxe":2,"minecraft:shield":1,"minecraft:stick":208,"minecraft:iron_ingot":129,"minecraft:iron_pickaxe":1,"minecraft:iron_block":133,"minecraft:stone_sword":1,"minecraft:shears":1,"minecraft:oak_door":3,"minecraft:fishing_rod":8,"vanillaplustools:stone_hammer":1,"minecraft:furnace":4,"minecraft:stone_button":26,"securitycraft:keypad_frame":1,"minecraft:oak_trapdoor":2,"securitycraft:universal_block_remover":1,"minecraft:stone_pickaxe":10,"minecraft:cobblestone_wall":138,"minecraft:diamond_boots":1,"minecraft:wheat":9,"minecraft:cooked_beef":43,"minecraft:cooked_cod":64,"minecraft:diamond_sword":1,"minecraft:iron_trapdoor":1,"minecraft:iron_sword":1,"minecraft:bucket":1,"minecraft:stone_axe":2,"minecraft:bread":3,"minecraft:air":0,"minecraft:oak_boat":3,"securitycraft:door_indestructible_iron_item":1,"minecraft:warped_sign":6,"minecraft:wooden_axe":1,"minecraft:iron_shovel":1,"minecraft:iron_leggings":1,"minecraft:anvil":1,"minecraft:white_bed":3,"minecraft:note_block":1,"minecraft:torch":100,"minecraft:diamond_chestplate":1},"minecraft:dropped":{"minecraft:iron_sword":1,"minecraft:leather":44,"minecraft:emerald":1,"minecraft:cobblestone_stairs":1,"minecraft:dirt":36,"minecraft:sand":1,"minecraft:fishing_rod":1,"minecraft:stone_axe":2,"minecraft:rotten_flesh":1,"minecraft:carrot":256,"waystones:warp_stone":1,"minecraft:poppy":254,"vanillaplustools:stone_hammer":1,"biomesoplenty:lavender":1,"minecraft:iron_helmet":1,"minecraft:cobblestone":1,"minecraft:book":6,"minecraft:stick":3,"minecraft:wooden_axe":2,"minecraft:iron_leggings":1,"minecraft:string":9,"minecraft:bucket":4,"minecraft:zombie_spawn_egg":1,"minecraft:kelp":1,"minecraft:stone_sword":1,"minecraft:iron_boots":1,"minecraft:cobblestone_slab":2,"minecraft:iron_chestplate":1,"minecraft:diamond_pickaxe":2,"minecraft:oak_sapling":1,"minecraft:wooden_pickaxe":1}},"DataVersion":3463}