{"stats":{"minecraft:dropped":{"minecraft:stone_axe":1,"minecraft:rotten_flesh":1,"minecraft:dirt":3,"minecraft:wooden_axe":2,"minecraft:wooden_pickaxe":1},"minecraft:custom":{"minecraft:interact_with_furnace":17,"minecraft:mob_kills":61,"minecraft:interact_with_crafting_table":17,"minecraft:leave_game":4,"minecraft:time_since_death":70122,"minecraft:sleep_in_bed":7,"minecraft:time_since_rest":11754,"minecraft:sprint_one_cm":286188,"minecraft:damage_taken":1280,"minecraft:walk_one_cm":199089,"minecraft:drop":8,"minecraft:damage_dealt":8307,"minecraft:swim_one_cm":785,"minecraft:talked_to_villager":1,"minecraft:fly_one_cm":461906,"minecraft:open_chest":38,"minecraft:crouch_one_cm":14030,"minecraft:play_time":97190,"tombstone:undead_killed":12,"minecraft:deaths":1,"minecraft:sneak_time":4390,"minecraft:walk_under_water_one_cm":672,"minecraft:jump":1741,"minecraft:walk_on_water_one_cm":2321,"minecraft:total_world_time":97190,"minecraft:fall_one_cm":46132},"minecraft:killed_by":{"minecraft:skeleton":1},"minecraft:killed":{"minecraft:pig":3,"minecraft:spider":3,"minecraft:creeper":2,"minecraft:sheep":12,"minecraft:skeleton":5,"minecraft:zombie":7,"minecraft:chicken":1,"minecraft:cow":21},"minecraft:used":{"minecraft:cooked_mutton":3,"minecraft:diorite":40,"minecraft:stone_sword":62,"minecraft:iron_shovel":251,"minecraft:stone_pickaxe":129,"minecraft:oak_sign":1,"minecraft:chest":8,"minecraft:wooden_pickaxe":13,"biomesoplenty:lavender":1,"vanillaplustools:stone_hammer":86,"minecraft:torch":13,"minecraft:dirt":144,"minecraft:crafting_table":5,"minecraft:white_bed":2,"tombstone:bag_of_seeds":2,"minecraft:wooden_axe":9,"minecraft:apple":2,"minecraft:bread":11,"minecraft:stone_axe":172,"minecraft:cobblestone":23,"minecraft:furnace":5,"minecraft:andesite":25,"tombstone:gift":1,"minecraft:egg":5,"minecraft:cooked_beef":7},"minecraft:broken":{"minecraft:iron_shovel":1},"minecraft:crafted":{"minecraft:cooked_beef":43,"minecraft:oak_planks":172,"minecraft:oak_sign":3,"vanillaplustools:stone_hammer":1,"minecraft:cooked_porkchop":6,"minecraft:crafting_table":2,"minecraft:wooden_pickaxe":1,"minecraft:furnace":4,"minecraft:stone_axe":2,"minecraft:bread":3,"minecraft:cooked_mutton":19,"minecraft:air":0,"minecraft:stick":52,"minecraft:stone_pickaxe":10,"minecraft:wooden_axe":1,"minecraft:stone_sword":1,"minecraft:chest":7,"minecraft:iron_shovel":1,"minecraft:torch":44,"minecraft:wheat":9},"minecraft:mined":{"minecraft:white_bed":2,"minecraft:crafting_table":4,"minecraft:glow_lichen":1,"minecraft:torch":3,"minecraft:granite":8,"minecraft:grass_block":276,"minecraft:chest":1,"minecraft:copper_ore":12,"minecraft:tall_grass":17,"minecraft:cobblestone":3,"minecraft:diorite":40,"minecraft:wall_torch":2,"minecraft:hay_block":1,"minecraft:furnace":5,"minecraft:carrots":7,"minecraft:iron_ore":46,"minecraft:wheat":11,"biomesoplenty:lavender":1,"minecraft:andesite":57,"minecraft:deepslate_iron_ore":3,"minecraft:grass":197,"minecraft:oak_log":97,"minecraft:potatoes":6,"minecraft:coal_ore":192,"minecraft:beetroots":3,"minecraft:gravel":1,"minecraft:dirt":5,"minecraft:stone":417,"minecraft:deepslate":6},"minecraft:picked_up":{"minecraft:wooden_axe":1,"biomesoplenty:lavender":1,"minecraft:crafting_table":4,"minecraft:andesite":55,"minecraft:leather":22,"minecraft:potato":6,"minecraft:oak_log":97,"minecraft:gunpowder":3,"minecraft:dirt":558,"minecraft:raw_copper":39,"minecraft:bone":3,"minecraft:apple":1,"minecraft:beetroot":1,"minecraft:wheat_seeds":33,"minecraft:cobbled_deepslate":9,"minecraft:beef":43,"minecraft:chest":1,"minecraft:egg":5,"minecraft:furnace":5,"minecraft:raw_iron":49,"minecraft:torch":4,"minecraft:gravel":1,"minecraft:porkchop":6,"minecraft:diorite":40,"minecraft:white_bed":2,"minecraft:carrot":7,"minecraft:arrow":3,"minecraft:rotten_flesh":8,"minecraft:beetroot_seeds":4,"minecraft:hay_block":1,"minecraft:granite":8,"tombstone:magic_scroll":1,"minecraft:mutton":19,"minecraft:coal":286,"minecraft:cobblestone":416,"minecraft:white_wool":12}},"DataVersion":3463}