{"stats":{"minecraft:dropped":{"minecraft:iron_ingot":5,"biomesoplenty:jacaranda_sapling":9,"minecraft:soul_sand":5,"minecraft:birch_planks":8,"minecraft:wheat_seeds":19,"biomesoplenty:redwood_wood":1,"minecraft:diamond":3,"biomesoplenty:lavender":308,"minecraft:feather":4,"minecraft:cobblestone":3,"minecraft:book":1,"minecraft:leather":13,"minecraft:granite":6,"minecraft:stick":2,"minecraft:dirt":6,"minecraft:diorite":20,"minecraft:cooked_cod":2,"minecraft:coast_armor_trim_smithing_template":2,"minecraft:cooked_salmon":1,"minecraft:iron_pickaxe":1,"minecraft:paper":17,"minecraft:string":38,"minecraft:bone":9,"minecraft:gravel":3,"tombstone:familiar_stone":1,"minecraft:kelp":4,"minecraft:nether_wart":8,"minecraft:cobbled_deepslate":9,"minecraft:tuff":1,"minecraft:birch_sapling":1,"minecraft:rotten_flesh":5,"minecraft:filled_map":2,"minecraft:gunpowder":1,"minecraft:andesite":6,"minecraft:spider_eye":2,"minecraft:birch_boat":1,"minecraft:arrow":6,"minecraft:quartz":16,"biomesoplenty:tall_lavender":15,"minecraft:netherrack":5},"minecraft:custom":{"minecraft:mob_kills":148,"minecraft:animals_bred":13,"minecraft:interact_with_crafting_table":46,"minecraft:leave_game":14,"minecraft:time_since_death":410881,"minecraft:climb_one_cm":451,"minecraft:sprint_one_cm":744942,"minecraft:walk_one_cm":992461,"minecraft:damage_blocked_by_shield":35,"minecraft:drop":97,"minecraft:talked_to_villager":1,"minecraft:play_time":410881,"minecraft:sneak_time":23882,"minecraft:walk_under_water_one_cm":231701,"minecraft:boat_one_cm":723113,"minecraft:jump":6701,"minecraft:interact_with_blast_furnace":38,"minecraft:walk_on_water_one_cm":135708,"minecraft:total_world_time":410881,"minecraft:interact_with_furnace":58,"tombstone:raider_killed":2,"minecraft:tune_noteblock":2,"minecraft:sleep_in_bed":16,"minecraft:time_since_rest":31765,"minecraft:waystone_activated":3,"minecraft:damage_taken":3550,"minecraft:damage_dealt":22473,"minecraft:swim_one_cm":122797,"minecraft:fly_one_cm":822272,"minecraft:open_chest":148,"minecraft:crouch_one_cm":58139,"tombstone:undead_killed":63,"tombstone:villager_killed":1,"minecraft:fall_one_cm":144029,"minecraft:interact_with_smoker":4,"minecraft:horse_one_cm":2026090},"minecraft:killed":{"minecraft:cave_spider":6,"minecraft:witch":1,"minecraft:spider":8,"minecraft:cod":6,"minecraft:skeleton":15,"minecraft:chicken":4,"minecraft:drowned":2,"minecraft:pig":7,"minecraft:zombie_villager":1,"minecraft:salmon":2,"minecraft:wandering_trader":1,"minecraft:creeper":6,"minecraft:sheep":3,"minecraft:trader_llama":1,"minecraft:pillager":1,"minecraft:zombie":44,"minecraft:wither_skeleton":1,"minecraft:blaze":2,"minecraft:enderman":1,"minecraft:cow":28},"minecraft:used":{"minecraft:iron_shovel":356,"minecraft:stone_sword":106,"minecraft:flint_and_steel":3,"biomesoplenty:magic_fence":1,"biomesoplenty:redwood_planks":1027,"minecraft:shield":1,"minecraft:chest":7,"minecraft:cooked_chicken":2,"minecraft:netherrack":8,"minecraft:torch":53,"minecraft:dirt":42,"minecraft:mutton":1,"securitycraft:keypad_item":1,"minecraft:tuff":23,"minecraft:obsidian":5,"minecraft:milk_bucket":1,"minecraft:wooden_axe":186,"minecraft:iron_axe":683,"minecraft:golden_carrot":10,"minecraft:beef":6,"minecraft:furnace":2,"tombstone:gift":6,"minecraft:cooked_beef":25,"minecraft:cobbled_deepslate":3,"minecraft:cooked_mutton":3,"minecraft:water_bucket":167,"tombstone:scroll_of_knowledge":2,"minecraft:oak_planks":14,"minecraft:stone_pickaxe":262,"minecraft:bundle":1,"minecraft:wooden_pickaxe":59,"minecraft:birch_boat":17,"biomesoplenty:lavender":10,"minecraft:salmon":2,"minecraft:crafting_table":6,"minecraft:white_bed":5,"minecraft:blast_furnace":2,"biomesoplenty:magic_planks":127,"minecraft:smoker":2,"tombstone:bag_of_seeds":2,"waystones:waystone":1,"minecraft:diamond_pickaxe":371,"minecraft:bread":1,"minecraft:iron_pickaxe":92,"minecraft:purple_dye":1,"minecraft:stone_axe":88,"minecraft:diamond_sword":278,"minecraft:wooden_sword":57,"minecraft:cobblestone":127,"minecraft:porkchop":2,"minecraft:cooked_porkchop":11,"minecraft:andesite":1,"minecraft:bucket":167,"minecraft:oak_boat":2},"minecraft:broken":{"minecraft:iron_shovel":1,"minecraft:stone_sword":1,"minecraft:wooden_pickaxe":1,"minecraft:stone_pickaxe":2,"minecraft:iron_axe":2,"minecraft:wooden_sword":1,"minecraft:stone_axe":1,"minecraft:wooden_axe":1},"minecraft:crafted":{"biomesoplenty:magic_fence":3,"minecraft:wooden_sword":1,"minecraft:smooth_stone":6,"minecraft:oak_planks":72,"minecraft:raw_iron":18,"minecraft:cobblestone_slab":6,"minecraft:birch_boat":1,"minecraft:cooked_chicken":2,"minecraft:furnace":6,"minecraft:stone_button":10,"minecraft:blast_furnace":2,"minecraft:stone":17,"securitycraft:keypad_item":1,"minecraft:heavy_weighted_pressure_plate":1,"minecraft:cooked_mutton":3,"minecraft:iron_boots":1,"minecraft:iron_axe":4,"minecraft:stone_pickaxe":2,"minecraft:chest":7,"biomesoplenty:magic_planks":152,"minecraft:smoker":2,"minecraft:cooked_beef":52,"minecraft:diamond_sword":1,"biomesoplenty:jacaranda_planks":16,"minecraft:cooked_porkchop":11,"minecraft:crafting_table":3,"biomesoplenty:redwood_planks":1500,"minecraft:wooden_pickaxe":1,"minecraft:iron_helmet":1,"minecraft:bucket":1,"minecraft:birch_planks":28,"minecraft:stone_axe":1,"minecraft:air":0,"minecraft:oak_boat":1,"minecraft:iron_chestplate":1,"minecraft:diamond_pickaxe":1,"minecraft:purple_dye":1,"minecraft:shield":1,"minecraft:stick":20,"minecraft:iron_ingot":173,"minecraft:iron_pickaxe":1,"minecraft:wooden_axe":1,"minecraft:stone_sword":1,"minecraft:iron_shovel":3,"minecraft:iron_leggings":1,"minecraft:torch":12},"minecraft:mined":{"minecraft:diamond_ore":5,"minecraft:crying_obsidian":1,"minecraft:white_bed":5,"minecraft:tuff":24,"minecraft:deepslate_diamond_ore":13,"minecraft:granite":6,"minecraft:grass_block":268,"biomesoplenty:flowering_oak_leaves":1,"minecraft:kelp":11,"minecraft:nether_wart":10,"biomesoplenty:dune_grass":6,"minecraft:sandstone":32,"minecraft:spawner":2,"biomesoplenty:jacaranda_log":119,"biomesoplenty:tall_lavender":13,"minecraft:iron_ore":131,"minecraft:fire":5,"biomesoplenty:lavender":292,"minecraft:andesite":11,"minecraft:deepslate_lapis_ore":2,"minecraft:gold_block":1,"biomesoplenty:magic_log":136,"biomesoplenty:sea_oats":11,"minecraft:deepslate_iron_ore":17,"minecraft:stone":221,"biomesoplenty:spider_egg":2,"minecraft:podzol":9,"biomesoplenty:jacaranda_leaves":47,"minecraft:deepslate_redstone_ore":12,"biomesoplenty:redwood_planks":16,"minecraft:soul_sand":5,"minecraft:kelp_plant":2,"minecraft:torch":21,"minecraft:crafting_table":5,"minecraft:chest":2,"minecraft:deepslate_gold_ore":11,"minecraft:nether_quartz_ore":16,"minecraft:tall_grass":11,"minecraft:cobblestone":3,"biomesoplenty:sprout":16,"minecraft:lapis_ore":6,"biomesoplenty:huge_clover_petal":8,"minecraft:oak_planks":15,"minecraft:diorite":24,"minecraft:wall_torch":10,"biomesoplenty:magic_planks":1,"biomesoplenty:magic_leaves":37,"minecraft:birch_log":7,"minecraft:birch_leaves":8,"minecraft:grass":183,"biomesoplenty:clover":1,"minecraft:coal_ore":184,"minecraft:oak_log":18,"biomesoplenty:redwood_leaves":48,"minecraft:gravel":2,"minecraft:sand":34,"minecraft:dirt":17,"biomesoplenty:stringy_cobweb":1,"minecraft:cobweb":40,"minecraft:gold_ore":1,"minecraft:netherrack":13,"minecraft:deepslate":33,"biomesoplenty:redwood_wood":383,"minecraft:oak_leaves":22,"minecraft:fern":1},"minecraft:picked_up":{"minecraft:crafting_table":5,"minecraft:chicken":4,"minecraft:nether_wart":16,"minecraft:lead":3,"minecraft:gold_block":1,"biomesoplenty:jacaranda_sapling":31,"minecraft:string":98,"biomesoplenty:tall_lavender":16,"minecraft:cobbled_deepslate":33,"minecraft:beef":67,"minecraft:oak_boat":2,"biomesoplenty:redwood_wood":376,"minecraft:chest":2,"minecraft:birch_sapling":1,"minecraft:egg":1,"minecraft:stick":58,"minecraft:raw_iron":209,"minecraft:sandstone":32,"minecraft:torch":36,"minecraft:porkchop":15,"tombstone:grave_dust":6,"minecraft:diorite":24,"minecraft:redstone":54,"biomesoplenty:redwood_planks":25,"minecraft:arrow":15,"minecraft:rotten_flesh":50,"biomesoplenty:jacaranda_log":114,"biomesoplenty:redwood_sapling":21,"minecraft:blaze_rod":2,"minecraft:rail":1,"minecraft:mutton":4,"minecraft:cobblestone":234,"minecraft:cod":6,"minecraft:white_wool":3,"biomesoplenty:lavender":320,"minecraft:birch_log":7,"minecraft:feather":5,"minecraft:andesite":12,"minecraft:salmon":2,"minecraft:leather":41,"minecraft:filled_map":1,"minecraft:birch_planks":8,"minecraft:tuff":24,"minecraft:oak_log":19,"minecraft:gunpowder":8,"minecraft:lapis_lazuli":47,"minecraft:dirt":292,"minecraft:white_banner":1,"tombstone:gift":1,"minecraft:coast_armor_trim_smithing_template":2,"minecraft:bone":29,"minecraft:kelp":7,"tombstone:bag_of_seeds":1,"minecraft:wheat_seeds":28,"minecraft:raw_gold":12,"minecraft:iron_ingot":2,"biomesoplenty:magic_log":136,"minecraft:oak_planks":15,"minecraft:soul_sand":10,"biomesoplenty:magic_sapling":7,"minecraft:birch_boat":18,"minecraft:quartz":32,"minecraft:raw_iron_block":2,"minecraft:gravel":3,"minecraft:sand":104,"minecraft:white_bed":5,"minecraft:crying_obsidian":1,"minecraft:spider_eye":2,"minecraft:bundle":2,"tombstone:familiar_stone":2,"minecraft:diamond":18,"biomesoplenty:magic_planks":1,"waystones:waystone":1,"minecraft:granite":6,"minecraft:oak_sapling":4,"minecraft:netherrack":13,"minecraft:coal":182,"minecraft:ender_pearl":1}},"DataVersion":3463}