{"stats":{"minecraft:killed_by":{"minecraft:wither_skeleton":1,"minecraft:player":1},"minecraft:crafted":{"biomesoplenty:magic_fence":3,"minecraft:smooth_stone":6,"minecraft:oak_planks":96,"minecraft:cobblestone_slab":6,"minecraft:birch_boat":1,"minecraft:cooked_chicken":2,"minecraft:stone":17,"minecraft:diamond_shovel":9,"securitycraft:keypad_item":1,"minecraft:heavy_weighted_pressure_plate":1,"minecraft:cooked_mutton":3,"minecraft:quartz_block":494,"minecraft:diamond_helmet":1,"minecraft:bow":1,"minecraft:iron_boots":2,"vanillaplustools:diamond_shovel":1,"biomesoplenty:hellbark_planks":4,"minecraft:chest":7,"minecraft:magenta_dye":1,"minecraft:diamond_axe":1,"minecraft:smoker":2,"biomesoplenty:jacaranda_planks":32,"minecraft:cooked_porkchop":11,"minecraft:crafting_table":4,"minecraft:spruce_planks":12,"minecraft:iron_helmet":2,"minecraft:wooden_pickaxe":1,"minecraft:baked_potato":615,"tombstone:impregnated_diamond":1,"minecraft:birch_planks":28,"biomesoplenty:fir_planks":4,"minecraft:iron_chestplate":2,"minecraft:paper":114,"minecraft:diamond_pickaxe":4,"minecraft:purple_dye":2,"minecraft:shield":1,"minecraft:stick":104,"minecraft:light_blue_dye":2,"minecraft:iron_ingot":250,"minecraft:iron_pickaxe":1,"minecraft:iron_block":34,"minecraft:stone_sword":1,"minecraft:gold_ingot":99,"minecraft:wooden_sword":1,"minecraft:raw_iron":18,"biomesoplenty:mahogany_planks":4,"minecraft:furnace":6,"minecraft:stone_button":10,"minecraft:blast_furnace":2,"minecraft:glass_pane":16,"minecraft:iron_axe":5,"minecraft:ladder":33,"minecraft:stone_pickaxe":2,"biomesoplenty:magic_planks":588,"minecraft:spruce_boat":1,"minecraft:cooked_beef":52,"biomesoplenty:umbran_planks":8,"minecraft:purple_stained_glass_pane":8,"minecraft:crimson_planks":4,"minecraft:diamond_sword":2,"biomesoplenty:redwood_planks":1500,"securitycraft:taser":1,"biomesoplenty:umbran_door":3,"minecraft:bucket":3,"minecraft:stone_axe":2,"minecraft:air":0,"biomesoplenty:magic_stairs":120,"minecraft:oak_boat":1,"minecraft:wooden_axe":1,"minecraft:iron_shovel":5,"minecraft:iron_leggings":2,"minecraft:torch":12},"minecraft:used":{"minecraft:iron_shovel":551,"biomesoplenty:magic_fence":1,"minecraft:ladder":24,"minecraft:chest":21,"minecraft:shield":23,"biomesoplenty:bramble":5,"minecraft:rotten_flesh":4,"minecraft:mutton":1,"securitycraft:keypad_item":1,"minecraft:nether_bricks":5,"minecraft:tuff":24,"minecraft:axolotl_bucket":1,"minecraft:obsidian":5,"minecraft:milk_bucket":2,"minecraft:spruce_boat":18,"minecraft:lava_bucket":2,"minecraft:grass_block":2,"minecraft:furnace":2,"minecraft:egg":6,"minecraft:potato":330,"minecraft:oak_planks":17,"minecraft:stone_pickaxe":262,"biomesoplenty:magic_log":1,"minecraft:wooden_pickaxe":59,"minecraft:diamond_axe":148,"biomesoplenty:lavender":10,"minecraft:sugar_cane":6,"minecraft:blue_bed":1,"minecraft:sand":7,"minecraft:blast_furnace":2,"biomesoplenty:magic_planks":407,"biomesoplenty:umbran_door":2,"biomesoplenty:jacaranda_planks":2,"waystones:waystone":4,"minecraft:dark_oak_log":1,"minecraft:bread":4,"tombstone:grave_key":1,"minecraft:nether_wart_block":2,"minecraft:diamond_sword":1476,"minecraft:wooden_sword":57,"biomesoplenty:magic_stairs":130,"minecraft:cooked_rabbit":1,"minecraft:andesite":1,"minecraft:oak_boat":2,"vanillaplustools:diamond_shovel":25,"minecraft:stone_sword":106,"minecraft:flint_and_steel":3,"biomesoplenty:redwood_planks":1027,"minecraft:cooked_chicken":4,"minecraft:netherrack":567,"minecraft:torch":92,"minecraft:dirt":82,"minecraft:warped_wart_block":1,"minecraft:cod_bucket":1,"minecraft:granite":16,"minecraft:purple_stained_glass_pane":2,"minecraft:wooden_axe":186,"biomesoplenty:redwood_wood":1,"minecraft:iron_axe":1261,"minecraft:crimson_planks":4,"minecraft:smooth_basalt":6,"minecraft:golden_carrot":10,"minecraft:beef":6,"biomesoplenty:blood_bucket":27,"tombstone:gift":16,"minecraft:cooked_beef":57,"minecraft:cobbled_deepslate":10,"biomesoplenty:burning_blossom":9,"minecraft:calcite":1,"minecraft:cooked_mutton":3,"minecraft:water_bucket":451,"tombstone:scroll_of_knowledge":2,"biomesoplenty:jacaranda_door":2,"minecraft:bundle":1,"minecraft:baked_potato":272,"minecraft:birch_boat":31,"minecraft:salmon":2,"minecraft:crafting_table":8,"minecraft:white_bed":5,"minecraft:smoker":2,"tombstone:bag_of_seeds":2,"minecraft:diamond_pickaxe":3727,"minecraft:apple":3,"minecraft:iron_pickaxe":92,"minecraft:map":1,"tombstone:magic_scroll":1,"minecraft:purple_dye":1,"minecraft:stone_axe":88,"minecraft:fishing_rod":25,"minecraft:cobblestone":129,"minecraft:porkchop":2,"minecraft:cooked_porkchop":11,"minecraft:bucket":484},"minecraft:killed":{"minecraft:cave_spider":12,"minecraft:zombified_piglin":561,"minecraft:witch":3,"minecraft:spider":14,"minecraft:cod":6,"minecraft:skeleton":51,"minecraft:chicken":6,"minecraft:turtle":2,"minecraft:magma_cube":43,"minecraft:piglin":21,"minecraft:pig":8,"minecraft:zombie_villager":8,"minecraft:salmon":2,"minecraft:iron_golem":3,"minecraft:creeper":18,"minecraft:sheep":3,"minecraft:trader_llama":1,"minecraft:pillager":3,"minecraft:zombie":81,"minecraft:ghast":1,"minecraft:glow_squid":1,"minecraft:blaze":8,"minecraft:cow":69,"minecraft:vindicator":2,"minecraft:drowned":11,"minecraft:rabbit":1,"minecraft:bat":1,"minecraft:wandering_trader":1,"minecraft:hoglin":5,"minecraft:squid":1,"minecraft:wither_skeleton":35,"minecraft:enderman":7},"minecraft:picked_up":{"minecraft:seagrass":5,"biomesoplenty:burning_blossom":20,"minecraft:nether_brick_fence":2,"minecraft:lead":8,"minecraft:diamond_sword":5,"minecraft:oak_stairs":64,"minecraft:enchanted_book":3,"minecraft:brewing_stand":1,"minecraft:golden_sword":50,"minecraft:amethyst_block":25,"biomesoplenty:hellbark_planks":4,"minecraft:string":124,"biomesoplenty:tall_lavender":25,"minecraft:pufferfish":2,"biomesoplenty:brimstone":11,"minecraft:gold_nugget":711,"minecraft:cobbled_deepslate":308,"minecraft:calcite":33,"biomesoplenty:redwood_wood":421,"minecraft:melon_slice":6,"minecraft:stick":71,"minecraft:torch":74,"minecraft:porkchop":15,"minecraft:cherry_log":14,"tombstone:grave_dust":85,"minecraft:diorite":50,"minecraft:golden_chestplate":1,"minecraft:stone_sword":5,"minecraft:rotten_flesh":453,"minecraft:blaze_rod":4,"minecraft:cod":19,"minecraft:cobblestone":457,"minecraft:nautilus_shell":1,"biomesoplenty:lavender":528,"minecraft:birch_log":7,"minecraft:pink_petals":11,"minecraft:cooked_beef":89,"minecraft:feather":7,"minecraft:lilac":1,"minecraft:magma_cream":5,"minecraft:andesite":15,"minecraft:jungle_log":1,"biomesoplenty:glowshroom":1,"minecraft:potato":887,"biomesoplenty:dead_log":2,"biomesoplenty:fir_sapling":1,"biomesoplenty:fir_log":2,"minecraft:flint":3,"minecraft:tuff":39,"minecraft:wither_skeleton_skull":3,"minecraft:lapis_lazuli":266,"minecraft:dirt":522,"minecraft:name_tag":1,"minecraft:twisting_vines":1,"minecraft:bone":132,"minecraft:bow":1,"minecraft:wheat_seeds":60,"minecraft:raw_gold":17,"minecraft:grindstone":2,"biomesoplenty:magic_stairs":10,"minecraft:oak_planks":82,"biomesoplenty:magic_sapling":29,"minecraft:ghast_tear":1,"minecraft:cooked_porkchop":11,"minecraft:warped_wart_block":1,"minecraft:poisonous_potato":8,"minecraft:sand":111,"minecraft:ink_sac":4,"minecraft:nether_brick_stairs":1,"minecraft:grass_block":3,"minecraft:dark_oak_log":5,"minecraft:mossy_cobblestone":14,"biomesoplenty:hellbark_log":14,"biomesoplenty:glowflower":1,"minecraft:bundle":16,"tombstone:familiar_stone":6,"minecraft:diamond":50,"minecraft:spruce_boat":18,"biomesoplenty:magic_planks":9,"waystones:waystone":11,"minecraft:crossbow":5,"minecraft:granite":45,"minecraft:jack_o_lantern":1,"biomesoplenty:pink_daffodil":2,"minecraft:oak_sapling":8,"minecraft:netherrack":817,"minecraft:dark_oak_fence":1,"minecraft:crimson_roots":4,"minecraft:diamond_pickaxe":1,"minecraft:fishing_rod":2,"minecraft:coarse_dirt":4,"minecraft:allium":1,"minecraft:mud":65,"minecraft:crafting_table":7,"minecraft:bee_nest":1,"minecraft:chicken":4,"minecraft:nether_wart":50,"biomesoplenty:flesh":4,"minecraft:cooked_rabbit":1,"minecraft:gold_block":4,"biomesoplenty:jacaranda_sapling":38,"biomesoplenty:hellbark_sapling":2,"biomesoplenty:jacaranda_slab":4,"biomesoplenty:black_sand":1,"minecraft:beef":67,"minecraft:oak_boat":2,"minecraft:sugar_cane":120,"minecraft:chest":28,"minecraft:birch_sapling":1,"minecraft:raw_copper_block":1,"minecraft:egg":5,"minecraft:raw_iron":226,"minecraft:sandstone":32,"minecraft:oak_door":2,"minecraft:copper_ingot":2,"minecraft:redstone":112,"biomesoplenty:redwood_planks":25,"minecraft:arrow":50,"minecraft:weeping_vines":2,"biomesoplenty:blue_hydrangea":27,"biomesoplenty:jacaranda_log":158,"biomesoplenty:eyebulb":7,"biomesoplenty:umbran_sapling":3,"minecraft:nether_bricks":11,"minecraft:hay_block":65,"minecraft:gold_ingot":13,"tombstone:essence_of_undeath":3,"biomesoplenty:redwood_sapling":21,"minecraft:mutton":4,"minecraft:rail":2,"minecraft:white_wool":3,"minecraft:stripped_oak_log":28,"minecraft:basalt":1,"minecraft:glow_ink_sac":7,"minecraft:crimson_stem":1,"minecraft:salmon":5,"minecraft:leather":81,"minecraft:red_mushroom":1,"minecraft:filled_map":1,"minecraft:birch_planks":8,"biomesoplenty:jacaranda_door":2,"biomesoplenty:umbran_door":2,"minecraft:oak_log":26,"minecraft:lily_pad":3,"minecraft:cobblestone_wall":6,"minecraft:nether_wart_block":4,"biomesoplenty:jacaranda_planks":2,"minecraft:gunpowder":14,"minecraft:blue_bed":1,"minecraft:white_banner":2,"tombstone:gift":1,"biomesoplenty:glowing_moss_carpet":1,"minecraft:coast_armor_trim_smithing_template":2,"minecraft:kelp":8,"minecraft:iron_ingot":2,"minecraft:cooked_chicken":2,"biomesoplenty:magic_log":284,"tombstone:bag_of_seeds":4,"minecraft:soul_sand":20,"biomesoplenty:umbran_log":67,"minecraft:book":157,"minecraft:smooth_basalt":7,"minecraft:warped_fungus":1,"minecraft:birch_boat":31,"minecraft:pumpkin":2,"minecraft:quartz":2007,"minecraft:raw_iron_block":2,"minecraft:gravel":7,"minecraft:amethyst_shard":4,"biomesoplenty:porous_flesh":1,"minecraft:white_bed":6,"minecraft:spruce_log":3,"minecraft:crying_obsidian":1,"minecraft:sea_lantern":1,"minecraft:spider_eye":9,"biomesoplenty:mahogany_log":3,"biomesoplenty:bramble":12,"minecraft:stone_axe":1,"minecraft:cherry_sapling":2,"minecraft:warped_roots":5,"minecraft:baked_potato":1,"tombstone:magic_scroll":11,"minecraft:damaged_anvil":1,"minecraft:warped_nylium":2,"minecraft:coal":383,"minecraft:ender_pearl":6},"minecraft:broken":{"minecraft:golden_helmet":1,"minecraft:iron_shovel":1,"minecraft:iron_boots":2,"minecraft:iron_chestplate":1,"minecraft:iron_leggings":2,"minecraft:stone_pickaxe":2,"minecraft:wooden_sword":1,"minecraft:stone_axe":1,"minecraft:wooden_axe":1,"minecraft:stone_sword":1,"minecraft:wooden_pickaxe":1,"minecraft:iron_axe":5,"minecraft:iron_helmet":2},"minecraft:dropped":{"biomesoplenty:fir_log":1,"minecraft:nether_brick_stairs":1,"minecraft:soul_sand":5,"minecraft:birch_planks":8,"biomesoplenty:pink_daffodil":1,"minecraft:warped_fungus":1,"minecraft:oak_log":1,"minecraft:diamond":3,"minecraft:crafting_table":1,"minecraft:crossbow":5,"minecraft:weeping_vines":2,"biomesoplenty:black_sand":1,"minecraft:warped_roots":4,"minecraft:leather":13,"biomesoplenty:porous_flesh":1,"minecraft:flint":1,"minecraft:dirt":17,"tombstone:bag_of_seeds":3,"minecraft:dark_oak_log":4,"minecraft:dark_oak_fence":1,"minecraft:crimson_roots":4,"minecraft:seagrass":5,"minecraft:coast_armor_trim_smithing_template":2,"minecraft:cooked_cod":2,"minecraft:gold_nugget":20,"minecraft:iron_pickaxe":1,"minecraft:fishing_rod":2,"biomesoplenty:burning_blossom":4,"minecraft:bone":38,"minecraft:gravel":7,"minecraft:stone_axe":2,"minecraft:golden_chestplate":1,"biomesoplenty:bramble":7,"minecraft:cobbled_deepslate":67,"minecraft:twisting_vines":1,"minecraft:birch_sapling":1,"minecraft:rotten_flesh":911,"biomesoplenty:hellbark_planks":8,"biomesoplenty:umbran_log":1,"minecraft:gunpowder":2,"minecraft:quartz_block":107,"minecraft:jungle_log":1,"minecraft:basalt":1,"minecraft:arrow":11,"biomesoplenty:flesh":4,"minecraft:quartz":16,"biomesoplenty:tall_lavender":20,"minecraft:netherrack":65,"biomesoplenty:dead_log":2,"minecraft:iron_ingot":5,"biomesoplenty:mahogany_log":2,"minecraft:bread":7,"biomesoplenty:jacaranda_sapling":9,"minecraft:wheat_seeds":30,"minecraft:lilac":1,"minecraft:mossy_cobblestone":1,"biomesoplenty:redwood_wood":1,"minecraft:poisonous_potato":8,"biomesoplenty:magic_sapling":2,"biomesoplenty:lavender":374,"minecraft:feather":6,"minecraft:cobblestone":72,"minecraft:lead":1,"minecraft:book":1,"minecraft:granite":28,"minecraft:stick":4,"minecraft:diorite":46,"minecraft:ink_sac":4,"minecraft:torch":1,"biomesoplenty:brimstone":11,"minecraft:nether_wart_block":2,"minecraft:melon_slice":6,"minecraft:cooked_salmon":1,"minecraft:iron_shovel":1,"minecraft:paper":17,"minecraft:string":63,"minecraft:smooth_basalt":1,"minecraft:kelp":5,"tombstone:familiar_stone":1,"minecraft:warped_nylium":2,"minecraft:coarse_dirt":4,"minecraft:nether_wart":42,"minecraft:stone_sword":5,"minecraft:cobblestone_wall":1,"minecraft:tuff":15,"minecraft:nether_bricks":6,"minecraft:filled_map":3,"minecraft:diamond_sword":5,"minecraft:potato":4,"minecraft:hay_block":1,"biomesoplenty:fir_planks":4,"minecraft:spruce_planks":3,"minecraft:bundle":16,"minecraft:diamond_pickaxe":1,"minecraft:andesite":6,"minecraft:oak_sapling":2,"minecraft:golden_sword":100,"minecraft:spider_eye":6,"minecraft:birch_boat":1,"biomesoplenty:magic_log":1,"waystones:waystone":3},"minecraft:custom":{"minecraft:animals_bred":18,"minecraft:interact_with_crafting_table":97,"minecraft:bell_ring":3,"minecraft:leave_game":36,"minecraft:time_since_death":1354,"minecraft:sprint_one_cm":3362734,"minecraft:damage_blocked_by_shield":755,"minecraft:drop":407,"minecraft:talked_to_villager":25,"minecraft:play_time":1406534,"minecraft:deaths":8,"minecraft:jump":28644,"minecraft:interact_with_brewingstand":1,"minecraft:walk_on_water_one_cm":291017,"minecraft:enchant_item":8,"minecraft:interact_with_furnace":106,"minecraft:sleep_in_bed":38,"minecraft:waystone_activated":15,"minecraft:damage_dealt":88643,"minecraft:crouch_one_cm":249342,"tombstone:undead_killed":747,"tombstone:villager_killed":1,"minecraft:interact_with_smithing_table":2,"minecraft:horse_one_cm":2112800,"minecraft:interact_with_smoker":75,"minecraft:interact_with_anvil":4,"minecraft:mob_kills":1038,"minecraft:inspect_hopper":10,"minecraft:climb_one_cm":109292,"minecraft:walk_one_cm":3317452,"minecraft:sneak_time":85050,"minecraft:walk_under_water_one_cm":365322,"minecraft:boat_one_cm":2257033,"minecraft:interact_with_blast_furnace":70,"minecraft:total_world_time":1406534,"tombstone:raider_killed":8,"minecraft:tune_noteblock":6,"minecraft:interact_with_stonecutter":1,"minecraft:time_since_rest":1402,"minecraft:damage_taken":18617,"minecraft:swim_one_cm":451390,"minecraft:fly_one_cm":4460314,"minecraft:open_chest":874,"minecraft:fish_caught":18,"minecraft:fall_one_cm":750703},"minecraft:mined":{"biomesoplenty:mossy_black_sand":1,"minecraft:white_bed":6,"biomesoplenty:glowshroom":1,"minecraft:cherry_log":17,"minecraft:sculk_vein":2,"minecraft:cobblestone_stairs":1,"minecraft:jungle_leaves":1,"biomesoplenty:brimstone":15,"minecraft:brewing_stand":1,"biomesoplenty:burning_blossom":22,"biomesoplenty:dead_leaves":1,"minecraft:granite":44,"minecraft:budding_amethyst":2,"biomesoplenty:bramble":9,"minecraft:grass_block":368,"minecraft:jungle_log":1,"biomesoplenty:flowering_oak_leaves":2,"biomesoplenty:eyebulb":10,"minecraft:nether_wart":15,"biomesoplenty:pus_bubble":1,"minecraft:spawner":5,"minecraft:tall_seagrass":3,"biomesoplenty:tall_lavender":20,"minecraft:sculk_catalyst":1,"minecraft:iron_ore":133,"minecraft:fire":152,"minecraft:cobbled_deepslate":128,"biomesoplenty:lavender":429,"minecraft:pumpkin":3,"minecraft:deepslate_lapis_ore":20,"biomesoplenty:hellbark_log":15,"minecraft:nether_brick_stairs":1,"biomesoplenty:hanging_cobweb":1,"minecraft:dirt_path":1,"biomesoplenty:glowflower":1,"minecraft:oak_stairs":99,"biomesoplenty:webbing":4,"biomesoplenty:jacaranda_leaves":83,"minecraft:deepslate_redstone_ore":24,"minecraft:cut_sandstone":2,"minecraft:twisting_vines_plant":2,"minecraft:medium_amethyst_bud":2,"biomesoplenty:jacaranda_planks":2,"biomesoplenty:glowing_moss_carpet":1,"minecraft:kelp_plant":3,"minecraft:crimson_nylium":20,"biomesoplenty:jacaranda_slab":2,"minecraft:amethyst_cluster":1,"minecraft:orange_terracotta":4,"biomesoplenty:brimstone_fumarole":4,"biomesoplenty:hanging_cobweb_strand":1,"minecraft:torch":33,"minecraft:calcite":36,"minecraft:melon":1,"minecraft:chest":28,"minecraft:nether_quartz_ore":1147,"minecraft:cobblestone":116,"minecraft:grindstone":2,"minecraft:oak_planks":84,"minecraft:sugar_cane":57,"minecraft:damaged_anvil":1,"minecraft:wall_torch":23,"minecraft:amethyst_block":25,"minecraft:pink_petals":4,"minecraft:seagrass":1,"minecraft:warped_nylium":37,"biomesoplenty:magic_planks":8,"biomesoplenty:magic_leaves":115,"minecraft:nether_wart_block":4,"minecraft:mud":67,"biomesoplenty:glowworm_silk_strand":1,"minecraft:birch_log":7,"biomesoplenty:hair":2,"minecraft:lilac":1,"minecraft:light_gray_wool":3,"biomesoplenty:umbran_log":75,"biomesoplenty:fir_log":2,"minecraft:smooth_stone_slab":1,"minecraft:grass":268,"biomesoplenty:dead_log":1,"biomesoplenty:clover":2,"minecraft:oak_log":25,"minecraft:sand":34,"minecraft:dirt":154,"biomesoplenty:umbran_leaves":42,"minecraft:smooth_basalt":10,"minecraft:raw_copper_block":1,"minecraft:deepslate":172,"minecraft:netherrack":1077,"minecraft:oak_leaves":52,"minecraft:diamond_ore":5,"minecraft:nether_gold_ore":76,"biomesoplenty:orange_autumn_leaves":1,"minecraft:crying_obsidian":1,"minecraft:tuff":32,"minecraft:mossy_cobblestone":14,"minecraft:oak_door":1,"minecraft:deepslate_diamond_ore":27,"minecraft:dark_oak_log":10,"minecraft:jack_o_lantern":1,"minecraft:sea_lantern":1,"minecraft:glow_lichen":1,"minecraft:nether_bricks":29,"biomesoplenty:bush":1,"minecraft:dark_oak_fence":1,"minecraft:crimson_roots":2,"minecraft:spruce_leaves":7,"biomesoplenty:dead_grass":10,"minecraft:kelp":12,"minecraft:red_mushroom":1,"biomesoplenty:dune_grass":6,"minecraft:sandstone":46,"minecraft:crimson_stem":1,"minecraft:hay_block":66,"biomesoplenty:jacaranda_log":163,"minecraft:andesite":16,"biomesoplenty:flesh":6,"minecraft:gold_block":4,"biomesoplenty:magic_log":283,"minecraft:nether_brick_fence":3,"biomesoplenty:sea_oats":11,"minecraft:bookshelf":55,"minecraft:deepslate_iron_ore":32,"minecraft:potatoes":247,"biomesoplenty:high_grass":2,"biomesoplenty:brimstone_bud":3,"minecraft:rail":1,"biomesoplenty:jacaranda_door":2,"minecraft:stripped_oak_log":28,"biomesoplenty:barley":1,"minecraft:stone":365,"biomesoplenty:spider_egg":3,"biomesoplenty:brimstone_cluster":2,"biomesoplenty:umbran_door":2,"minecraft:podzol":37,"biomesoplenty:porous_flesh":1,"biomesoplenty:magic_stairs":10,"biomesoplenty:redwood_planks":16,"minecraft:glass_pane":28,"minecraft:soul_sand":15,"minecraft:basalt":1,"biomesoplenty:black_sand":1,"minecraft:crafting_table":7,"minecraft:warped_roots":2,"minecraft:sculk_sensor":2,"biomesoplenty:high_grass_plant":1,"minecraft:tall_grass":13,"minecraft:lapis_ore":11,"biomesoplenty:huge_clover_petal":8,"biomesoplenty:sprout":44,"minecraft:deepslate_gold_ore":14,"minecraft:lily_pad":3,"minecraft:sculk":4,"minecraft:diorite":50,"minecraft:blue_bed":1,"minecraft:warped_wart_block":1,"minecraft:birch_planks":1,"minecraft:coarse_dirt":4,"minecraft:cobblestone_wall":4,"biomesoplenty:blue_hydrangea":29,"biomesoplenty:mahogany_log":3,"biomesoplenty:hellbark_leaves":4,"biomesoplenty:pink_daffodil":2,"minecraft:spruce_log":3,"minecraft:birch_leaves":9,"minecraft:bee_nest":2,"minecraft:coal_ore":268,"biomesoplenty:redwood_leaves":62,"biomesoplenty:fir_leaves":14,"minecraft:cherry_leaves":11,"minecraft:gravel":8,"biomesoplenty:stringy_cobweb":2,"minecraft:cobweb":58,"minecraft:polished_andesite":2,"minecraft:gold_ore":1,"biomesoplenty:redwood_wood":428,"minecraft:fern":114,"minecraft:dark_oak_planks":13}},"DataVersion":3463}