{"stats":{"minecraft:dropped":{"minecraft:wheat_seeds":2,"minecraft:stick":2},"minecraft:custom":{"minecraft:time_since_rest":12752,"minecraft:sprint_one_cm":24967,"minecraft:damage_taken":7,"minecraft:walk_one_cm":37923,"minecraft:mob_kills":2,"minecraft:drop":4,"minecraft:damage_dealt":160,"minecraft:talked_to_villager":1,"minecraft:interact_with_crafting_table":2,"minecraft:fly_one_cm":43368,"minecraft:open_chest":1,"minecraft:crouch_one_cm":1977,"minecraft:play_time":12752,"minecraft:sneak_time":1047,"minecraft:walk_under_water_one_cm":66,"minecraft:boat_one_cm":8910,"minecraft:jump":730,"minecraft:leave_game":1,"minecraft:time_since_death":12752,"minecraft:walk_on_water_one_cm":267,"minecraft:total_world_time":12752,"minecraft:fall_one_cm":6177,"minecraft:horse_one_cm":3954},"minecraft:used":{"minecraft:wooden_axe":7,"minecraft:wooden_pickaxe":9,"minecraft:wooden_sword":4,"minecraft:dirt":3,"minecraft:golden_carrot":1,"minecraft:crafting_table":1,"minecraft:oak_boat":1},"minecraft:killed":{"minecraft:sheep":2},"minecraft:crafted":{"minecraft:wooden_sword":1,"minecraft:oak_boat":1,"minecraft:oak_planks":56,"minecraft:crafting_table":1,"minecraft:stick":8,"minecraft:wooden_pickaxe":1,"minecraft:wooden_axe":1},"minecraft:mined":{"minecraft:white_bed":1,"minecraft:crafting_table":1,"minecraft:grass":1,"minecraft:grass_block":2,"minecraft:oak_log":14,"minecraft:chest":1,"minecraft:dirt":4,"minecraft:stone":8,"minecraft:oak_leaves":8},"minecraft:picked_up":{"minecraft:stick":2,"minecraft:crafting_table":1,"minecraft:oak_log":14,"minecraft:white_bed":1,"minecraft:dirt":6,"minecraft:wheat_seeds":2,"minecraft:oak_boat":1,"minecraft:chest":1,"minecraft:mutton":3,"minecraft:white_wool":2,"minecraft:cobblestone":8}},"DataVersion":3463}