{"stats":{"minecraft:dropped":{"minecraft:soul_sand":5,"minecraft:birch_planks":8,"minecraft:wheat_seeds":4,"biomesoplenty:redwood_wood":1,"biomesoplenty:lavender":154,"minecraft:feather":3,"minecraft:cobblestone":2,"minecraft:book":1,"minecraft:leather":13,"minecraft:granite":6,"minecraft:stick":2,"minecraft:dirt":6,"minecraft:coast_armor_trim_smithing_template":2,"minecraft:iron_pickaxe":1,"minecraft:paper":17,"minecraft:string":38,"minecraft:bone":9,"minecraft:gravel":3,"tombstone:familiar_stone":1,"minecraft:nether_wart":8,"minecraft:cobbled_deepslate":2,"minecraft:birch_sapling":1,"minecraft:rotten_flesh":4,"minecraft:filled_map":2,"minecraft:andesite":5,"minecraft:birch_boat":1,"minecraft:arrow":4,"minecraft:quartz":16,"minecraft:netherrack":5,"biomesoplenty:tall_lavender":7},"minecraft:custom":{"minecraft:mob_kills":83,"minecraft:interact_with_crafting_table":29,"minecraft:leave_game":6,"minecraft:time_since_death":188653,"minecraft:climb_one_cm":451,"minecraft:sprint_one_cm":400322,"minecraft:walk_one_cm":459272,"minecraft:drop":55,"minecraft:talked_to_villager":1,"minecraft:play_time":188653,"minecraft:sneak_time":7881,"minecraft:walk_under_water_one_cm":54892,"minecraft:boat_one_cm":335727,"minecraft:jump":3781,"minecraft:interact_with_blast_furnace":20,"minecraft:walk_on_water_one_cm":56318,"minecraft:total_world_time":188653,"minecraft:interact_with_furnace":44,"tombstone:raider_killed":1,"minecraft:sleep_in_bed":10,"minecraft:time_since_rest":9879,"minecraft:damage_taken":2064,"minecraft:damage_dealt":12854,"minecraft:swim_one_cm":49585,"minecraft:fly_one_cm":408037,"minecraft:open_chest":63,"minecraft:crouch_one_cm":13515,"tombstone:undead_killed":38,"minecraft:fall_one_cm":78534,"minecraft:horse_one_cm":915621},"minecraft:killed":{"minecraft:cave_spider":4,"minecraft:spider":3,"minecraft:cod":6,"minecraft:skeleton":8,"minecraft:chicken":3,"minecraft:pig":6,"minecraft:creeper":2,"minecraft:sheep":3,"minecraft:pillager":1,"minecraft:zombie":29,"minecraft:wither_skeleton":1,"minecraft:blaze":2,"minecraft:cow":11,"minecraft:enderman":1},"minecraft:used":{"minecraft:stone_sword":106,"minecraft:flint_and_steel":1,"minecraft:chest":2,"minecraft:cooked_chicken":2,"minecraft:netherrack":8,"minecraft:torch":36,"minecraft:dirt":8,"minecraft:mutton":1,"securitycraft:keypad_item":1,"minecraft:tuff":23,"minecraft:obsidian":5,"minecraft:milk_bucket":1,"minecraft:wooden_axe":186,"minecraft:iron_axe":28,"minecraft:golden_carrot":10,"minecraft:furnace":2,"tombstone:gift":4,"minecraft:cooked_beef":4,"minecraft:cooked_mutton":3,"minecraft:water_bucket":68,"tombstone:scroll_of_knowledge":2,"minecraft:bundle":1,"minecraft:stone_pickaxe":262,"minecraft:birch_boat":4,"minecraft:wooden_pickaxe":59,"minecraft:crafting_table":5,"minecraft:blast_furnace":2,"minecraft:white_bed":5,"minecraft:diamond_pickaxe":85,"minecraft:iron_pickaxe":92,"minecraft:stone_axe":88,"minecraft:diamond_sword":92,"minecraft:wooden_sword":57,"minecraft:cobblestone":63,"minecraft:cooked_porkchop":11,"minecraft:bucket":69,"minecraft:oak_boat":2},"minecraft:broken":{"minecraft:stone_sword":1,"minecraft:wooden_pickaxe":1,"minecraft:stone_pickaxe":2,"minecraft:wooden_sword":1,"minecraft:stone_axe":1,"minecraft:wooden_axe":1},"minecraft:crafted":{"minecraft:wooden_sword":1,"minecraft:oak_planks":56,"minecraft:smooth_stone":6,"minecraft:cobblestone_slab":6,"minecraft:cooked_chicken":2,"minecraft:birch_boat":1,"minecraft:furnace":4,"minecraft:stone_button":10,"minecraft:blast_furnace":2,"minecraft:stone":17,"securitycraft:keypad_item":1,"minecraft:heavy_weighted_pressure_plate":1,"minecraft:cooked_mutton":3,"minecraft:iron_boots":1,"minecraft:iron_axe":1,"minecraft:stone_pickaxe":2,"minecraft:chest":1,"minecraft:cooked_beef":8,"minecraft:diamond_sword":1,"biomesoplenty:jacaranda_planks":16,"minecraft:cooked_porkchop":11,"minecraft:crafting_table":2,"minecraft:wooden_pickaxe":1,"minecraft:iron_helmet":1,"minecraft:bucket":1,"minecraft:birch_planks":28,"minecraft:stone_axe":1,"minecraft:air":0,"minecraft:oak_boat":1,"minecraft:iron_chestplate":1,"minecraft:diamond_pickaxe":1,"minecraft:stick":16,"minecraft:iron_ingot":63,"minecraft:iron_pickaxe":1,"minecraft:wooden_axe":1,"minecraft:stone_sword":1,"minecraft:iron_leggings":1,"minecraft:torch":8},"minecraft:mined":{"minecraft:diamond_ore":4,"minecraft:crying_obsidian":1,"minecraft:tuff":23,"minecraft:white_bed":5,"minecraft:deepslate_diamond_ore":7,"minecraft:granite":6,"minecraft:grass_block":10,"biomesoplenty:flowering_oak_leaves":1,"minecraft:sandstone":32,"minecraft:nether_wart":10,"biomesoplenty:jacaranda_log":49,"biomesoplenty:tall_lavender":5,"minecraft:iron_ore":58,"minecraft:fire":3,"biomesoplenty:lavender":167,"minecraft:andesite":7,"minecraft:gold_block":1,"biomesoplenty:magic_log":6,"biomesoplenty:sea_oats":3,"minecraft:deepslate_iron_ore":6,"biomesoplenty:spider_egg":2,"minecraft:stone":121,"minecraft:podzol":3,"biomesoplenty:jacaranda_leaves":10,"minecraft:deepslate_redstone_ore":12,"minecraft:soul_sand":5,"minecraft:crafting_table":4,"minecraft:torch":13,"minecraft:chest":1,"minecraft:nether_quartz_ore":16,"minecraft:tall_grass":2,"minecraft:cobblestone":3,"biomesoplenty:sprout":16,"minecraft:lapis_ore":6,"minecraft:wall_torch":4,"minecraft:birch_log":7,"minecraft:birch_leaves":3,"minecraft:grass":55,"biomesoplenty:clover":1,"minecraft:oak_log":18,"minecraft:coal_ore":161,"minecraft:gravel":2,"minecraft:sand":25,"minecraft:dirt":8,"biomesoplenty:stringy_cobweb":1,"minecraft:cobweb":31,"minecraft:netherrack":13,"biomesoplenty:redwood_wood":1,"minecraft:oak_leaves":12,"minecraft:deepslate":9},"minecraft:picked_up":{"minecraft:crafting_table":4,"minecraft:nether_wart":16,"minecraft:chicken":3,"minecraft:gold_block":1,"biomesoplenty:jacaranda_sapling":8,"minecraft:string":84,"biomesoplenty:tall_lavender":8,"minecraft:cobbled_deepslate":9,"minecraft:beef":25,"minecraft:oak_boat":2,"biomesoplenty:redwood_wood":1,"minecraft:chest":1,"minecraft:birch_sapling":1,"minecraft:sandstone":32,"minecraft:stick":9,"minecraft:raw_iron":126,"minecraft:torch":19,"minecraft:porkchop":12,"tombstone:grave_dust":4,"minecraft:redstone":54,"minecraft:arrow":12,"minecraft:rotten_flesh":22,"biomesoplenty:jacaranda_log":47,"minecraft:blaze_rod":2,"minecraft:mutton":4,"minecraft:cod":6,"minecraft:birch_log":7,"minecraft:white_wool":3,"minecraft:cobblestone":140,"biomesoplenty:lavender":154,"minecraft:feather":4,"minecraft:andesite":7,"minecraft:leather":28,"minecraft:filled_map":1,"minecraft:birch_planks":8,"minecraft:tuff":23,"minecraft:oak_log":18,"minecraft:gunpowder":3,"minecraft:lapis_lazuli":37,"minecraft:dirt":20,"tombstone:gift":1,"minecraft:white_banner":1,"minecraft:coast_armor_trim_smithing_template":2,"minecraft:bone":19,"minecraft:wheat_seeds":7,"biomesoplenty:magic_log":6,"minecraft:soul_sand":10,"minecraft:birch_boat":5,"minecraft:quartz":32,"minecraft:raw_iron_block":2,"minecraft:gravel":3,"minecraft:sand":57,"minecraft:white_bed":5,"minecraft:crying_obsidian":1,"minecraft:bundle":2,"tombstone:familiar_stone":2,"minecraft:diamond":11,"minecraft:granite":6,"minecraft:netherrack":13,"minecraft:oak_sapling":1,"minecraft:coal":159,"minecraft:ender_pearl":1}},"DataVersion":3463}