{"stats":{"minecraft:custom":{"minecraft:animals_bred":18,"minecraft:interact_with_crafting_table":47,"minecraft:leave_game":17,"minecraft:time_since_death":482557,"minecraft:sprint_one_cm":1008854,"minecraft:damage_blocked_by_shield":35,"minecraft:drop":106,"minecraft:talked_to_villager":3,"minecraft:play_time":482557,"minecraft:jump":8840,"minecraft:walk_on_water_one_cm":148606,"minecraft:enchant_item":1,"minecraft:interact_with_furnace":65,"minecraft:sleep_in_bed":20,"minecraft:waystone_activated":6,"minecraft:damage_dealt":29263,"minecraft:crouch_one_cm":60320,"tombstone:undead_killed":76,"tombstone:villager_killed":1,"minecraft:interact_with_smoker":21,"minecraft:horse_one_cm":2026090,"minecraft:mob_kills":187,"minecraft:inspect_hopper":1,"minecraft:climb_one_cm":11205,"minecraft:walk_one_cm":1237039,"minecraft:sneak_time":24423,"minecraft:walk_under_water_one_cm":247013,"minecraft:boat_one_cm":785423,"minecraft:interact_with_blast_furnace":43,"minecraft:total_world_time":482557,"tombstone:raider_killed":2,"minecraft:tune_noteblock":2,"minecraft:time_since_rest":26586,"minecraft:damage_taken":4337,"minecraft:swim_one_cm":143895,"minecraft:fly_one_cm":1182233,"minecraft:open_chest":195,"minecraft:fall_one_cm":203931},"minecraft:broken":{"minecraft:golden_helmet":1,"minecraft:iron_shovel":1,"minecraft:stone_pickaxe":2,"minecraft:wooden_sword":1,"minecraft:stone_axe":1,"minecraft:wooden_axe":1,"minecraft:stone_sword":1,"minecraft:wooden_pickaxe":1,"minecraft:iron_axe":3},"minecraft:dropped":{"minecraft:soul_sand":5,"minecraft:birch_planks":8,"minecraft:diamond":3,"minecraft:leather":13,"minecraft:dirt":6,"minecraft:coast_armor_trim_smithing_template":2,"minecraft:cooked_cod":2,"minecraft:iron_pickaxe":1,"minecraft:bone":9,"minecraft:gravel":3,"minecraft:cobbled_deepslate":9,"minecraft:birch_sapling":1,"minecraft:rotten_flesh":5,"minecraft:gunpowder":1,"minecraft:arrow":6,"minecraft:quartz":16,"biomesoplenty:tall_lavender":15,"minecraft:netherrack":5,"minecraft:iron_ingot":5,"biomesoplenty:jacaranda_sapling":9,"minecraft:wheat_seeds":20,"biomesoplenty:redwood_wood":1,"minecraft:poisonous_potato":4,"biomesoplenty:lavender":310,"minecraft:feather":4,"minecraft:cobblestone":3,"minecraft:book":1,"minecraft:granite":6,"minecraft:stick":2,"minecraft:diorite":20,"minecraft:cooked_salmon":1,"minecraft:paper":17,"minecraft:string":39,"minecraft:kelp":4,"tombstone:familiar_stone":1,"minecraft:nether_wart":8,"minecraft:tuff":1,"minecraft:filled_map":2,"minecraft:diamond_sword":2,"minecraft:diamond_pickaxe":1,"minecraft:andesite":6,"minecraft:oak_sapling":1,"minecraft:spider_eye":2,"minecraft:birch_boat":1},"minecraft:crafted":{"biomesoplenty:magic_fence":3,"minecraft:oak_planks":72,"minecraft:smooth_stone":6,"minecraft:cobblestone_slab":6,"minecraft:birch_boat":1,"minecraft:cooked_chicken":2,"minecraft:stone":17,"securitycraft:keypad_item":1,"minecraft:heavy_weighted_pressure_plate":1,"minecraft:cooked_mutton":3,"minecraft:iron_boots":1,"minecraft:chest":7,"minecraft:smoker":2,"minecraft:cooked_porkchop":11,"biomesoplenty:jacaranda_planks":16,"minecraft:crafting_table":3,"minecraft:wooden_pickaxe":1,"minecraft:baked_potato":72,"minecraft:iron_helmet":1,"minecraft:birch_planks":28,"minecraft:iron_chestplate":1,"minecraft:diamond_pickaxe":1,"minecraft:purple_dye":1,"minecraft:shield":1,"minecraft:stick":20,"minecraft:iron_ingot":173,"minecraft:iron_pickaxe":1,"minecraft:stone_sword":1,"minecraft:wooden_sword":1,"minecraft:raw_iron":18,"biomesoplenty:mahogany_planks":4,"minecraft:furnace":6,"minecraft:stone_button":10,"minecraft:blast_furnace":2,"minecraft:iron_axe":4,"minecraft:stone_pickaxe":2,"biomesoplenty:magic_planks":196,"minecraft:cooked_beef":52,"minecraft:diamond_sword":1,"biomesoplenty:redwood_planks":1500,"minecraft:bucket":1,"minecraft:stone_axe":1,"minecraft:air":0,"minecraft:oak_boat":1,"minecraft:wooden_axe":1,"minecraft:iron_shovel":3,"minecraft:iron_leggings":1,"minecraft:torch":12},"minecraft:killed":{"minecraft:cave_spider":6,"minecraft:witch":1,"minecraft:spider":9,"minecraft:cod":6,"minecraft:skeleton":23,"minecraft:chicken":4,"minecraft:pig":7,"minecraft:zombie_villager":1,"minecraft:salmon":2,"minecraft:creeper":12,"minecraft:sheep":3,"minecraft:trader_llama":1,"minecraft:pillager":1,"minecraft:zombie":49,"minecraft:cow":42,"minecraft:blaze":2,"minecraft:drowned":2,"minecraft:wandering_trader":1,"minecraft:wither_skeleton":1,"minecraft:enderman":2},"minecraft:mined":{"minecraft:white_bed":5,"minecraft:jungle_leaves":1,"minecraft:brewing_stand":1,"minecraft:granite":6,"minecraft:grass_block":270,"biomesoplenty:flowering_oak_leaves":1,"minecraft:nether_wart":10,"minecraft:spawner":2,"biomesoplenty:tall_lavender":13,"minecraft:iron_ore":131,"minecraft:fire":5,"biomesoplenty:lavender":292,"minecraft:deepslate_lapis_ore":2,"biomesoplenty:glowflower":1,"biomesoplenty:jacaranda_leaves":50,"minecraft:deepslate_redstone_ore":12,"minecraft:kelp_plant":2,"minecraft:medium_amethyst_bud":2,"minecraft:torch":23,"minecraft:calcite":2,"minecraft:chest":2,"minecraft:nether_quartz_ore":16,"minecraft:cobblestone":3,"minecraft:oak_planks":15,"minecraft:wall_torch":10,"minecraft:amethyst_block":3,"biomesoplenty:magic_planks":3,"biomesoplenty:magic_leaves":56,"minecraft:birch_log":7,"minecraft:grass":190,"biomesoplenty:clover":1,"minecraft:oak_log":18,"minecraft:sand":34,"minecraft:dirt":18,"minecraft:netherrack":13,"minecraft:oak_leaves":25,"minecraft:deepslate":41,"minecraft:diamond_ore":5,"minecraft:crying_obsidian":1,"minecraft:tuff":24,"minecraft:deepslate_diamond_ore":16,"minecraft:kelp":11,"minecraft:sandstone":32,"biomesoplenty:dune_grass":6,"minecraft:hay_block":1,"biomesoplenty:jacaranda_log":124,"minecraft:andesite":11,"minecraft:gold_block":1,"biomesoplenty:magic_log":202,"biomesoplenty:sea_oats":11,"minecraft:potatoes":67,"biomesoplenty:high_grass":2,"minecraft:deepslate_iron_ore":24,"biomesoplenty:spider_egg":2,"minecraft:stone":228,"minecraft:podzol":9,"biomesoplenty:redwood_planks":16,"minecraft:soul_sand":5,"minecraft:crafting_table":5,"biomesoplenty:high_grass_plant":1,"minecraft:tall_grass":12,"biomesoplenty:huge_clover_petal":8,"biomesoplenty:sprout":22,"minecraft:lapis_ore":6,"minecraft:deepslate_gold_ore":12,"minecraft:diorite":24,"biomesoplenty:blue_hydrangea":29,"biomesoplenty:mahogany_log":1,"biomesoplenty:pink_daffodil":1,"minecraft:birch_leaves":9,"minecraft:bee_nest":1,"minecraft:coal_ore":184,"biomesoplenty:redwood_leaves":48,"minecraft:gravel":2,"biomesoplenty:stringy_cobweb":1,"minecraft:cobweb":40,"minecraft:gold_ore":1,"biomesoplenty:redwood_wood":383,"minecraft:fern":4},"minecraft:picked_up":{"minecraft:diamond_sword":2,"minecraft:lead":3,"minecraft:brewing_stand":1,"minecraft:amethyst_block":3,"minecraft:string":99,"biomesoplenty:tall_lavender":16,"minecraft:cobbled_deepslate":43,"minecraft:calcite":1,"biomesoplenty:redwood_wood":376,"minecraft:stick":59,"minecraft:torch":39,"minecraft:porkchop":15,"tombstone:grave_dust":8,"minecraft:diorite":24,"minecraft:rotten_flesh":55,"minecraft:blaze_rod":2,"minecraft:cod":6,"minecraft:cobblestone":241,"biomesoplenty:lavender":322,"minecraft:birch_log":7,"minecraft:feather":5,"minecraft:cooked_beef":31,"minecraft:andesite":12,"minecraft:potato":231,"minecraft:tuff":24,"minecraft:dirt":310,"minecraft:lapis_lazuli":47,"minecraft:bone":38,"minecraft:wheat_seeds":32,"minecraft:raw_gold":13,"minecraft:oak_planks":15,"biomesoplenty:magic_sapling":7,"minecraft:poisonous_potato":4,"minecraft:sand":104,"minecraft:grass_block":2,"minecraft:dark_oak_log":4,"biomesoplenty:glowflower":1,"minecraft:bundle":2,"tombstone:familiar_stone":2,"minecraft:diamond":21,"biomesoplenty:magic_planks":4,"waystones:waystone":3,"minecraft:granite":6,"minecraft:oak_sapling":5,"biomesoplenty:pink_daffodil":1,"minecraft:netherrack":13,"minecraft:diamond_pickaxe":1,"minecraft:crafting_table":5,"minecraft:chicken":4,"minecraft:nether_wart":16,"biomesoplenty:jacaranda_sapling":31,"minecraft:gold_block":1,"minecraft:beef":67,"minecraft:oak_boat":2,"minecraft:birch_sapling":1,"minecraft:chest":2,"minecraft:egg":1,"minecraft:raw_iron":216,"minecraft:sandstone":32,"minecraft:redstone":54,"biomesoplenty:redwood_planks":25,"biomesoplenty:blue_hydrangea":27,"minecraft:arrow":26,"biomesoplenty:jacaranda_log":119,"minecraft:hay_block":1,"biomesoplenty:redwood_sapling":21,"minecraft:mutton":4,"minecraft:rail":1,"minecraft:white_wool":3,"minecraft:salmon":2,"minecraft:leather":56,"minecraft:filled_map":1,"minecraft:birch_planks":8,"minecraft:oak_log":19,"minecraft:gunpowder":11,"tombstone:gift":1,"minecraft:white_banner":1,"minecraft:coast_armor_trim_smithing_template":2,"minecraft:kelp":7,"minecraft:iron_ingot":2,"tombstone:bag_of_seeds":1,"biomesoplenty:magic_log":202,"minecraft:soul_sand":10,"minecraft:birch_boat":22,"minecraft:quartz":32,"minecraft:raw_iron_block":2,"minecraft:gravel":3,"minecraft:white_bed":5,"minecraft:crying_obsidian":1,"minecraft:spider_eye":3,"biomesoplenty:mahogany_log":1,"minecraft:coal":182,"minecraft:ender_pearl":1},"minecraft:used":{"minecraft:iron_shovel":356,"biomesoplenty:magic_fence":1,"minecraft:chest":7,"minecraft:shield":1,"minecraft:rotten_flesh":4,"minecraft:mutton":1,"securitycraft:keypad_item":1,"minecraft:tuff":23,"minecraft:milk_bucket":1,"minecraft:obsidian":5,"minecraft:grass_block":1,"minecraft:furnace":2,"minecraft:egg":1,"minecraft:potato":99,"minecraft:stone_pickaxe":262,"minecraft:oak_planks":17,"minecraft:wooden_pickaxe":59,"biomesoplenty:lavender":10,"minecraft:blast_furnace":2,"biomesoplenty:magic_planks":189,"waystones:waystone":2,"minecraft:bread":1,"minecraft:diamond_sword":371,"minecraft:wooden_sword":57,"minecraft:andesite":1,"minecraft:oak_boat":2,"minecraft:stone_sword":106,"minecraft:flint_and_steel":3,"biomesoplenty:redwood_planks":1027,"minecraft:cooked_chicken":2,"minecraft:netherrack":8,"minecraft:torch":56,"minecraft:dirt":58,"minecraft:wooden_axe":186,"minecraft:iron_axe":755,"minecraft:golden_carrot":10,"minecraft:beef":6,"tombstone:gift":6,"minecraft:cooked_beef":32,"minecraft:cobbled_deepslate":3,"minecraft:cooked_mutton":3,"minecraft:water_bucket":205,"tombstone:scroll_of_knowledge":2,"minecraft:bundle":1,"minecraft:baked_potato":15,"minecraft:birch_boat":21,"minecraft:salmon":2,"minecraft:crafting_table":6,"minecraft:white_bed":5,"minecraft:smoker":2,"tombstone:bag_of_seeds":2,"minecraft:diamond_pickaxe":407,"minecraft:iron_pickaxe":92,"minecraft:purple_dye":1,"minecraft:stone_axe":88,"minecraft:cobblestone":127,"minecraft:cooked_porkchop":11,"minecraft:porkchop":2,"minecraft:bucket":206}},"DataVersion":3463}