{"stats":{"minecraft:mined":{"minecraft:dark_oak_planks":13,"minecraft:white_bed":6,"minecraft:cobblestone_stairs":1,"minecraft:jungle_leaves":1,"biomesoplenty:brimstone":8,"minecraft:brewing_stand":1,"biomesoplenty:burning_blossom":19,"minecraft:granite":6,"biomesoplenty:bramble":8,"minecraft:grass_block":343,"biomesoplenty:flowering_oak_leaves":2,"minecraft:nether_wart":10,"minecraft:spawner":4,"biomesoplenty:tall_lavender":20,"minecraft:cobbled_deepslate":128,"minecraft:iron_ore":133,"minecraft:fire":110,"biomesoplenty:lavender":427,"minecraft:deepslate_lapis_ore":7,"biomesoplenty:hellbark_log":14,"minecraft:dirt_path":1,"biomesoplenty:glowflower":1,"biomesoplenty:jacaranda_leaves":81,"minecraft:deepslate_redstone_ore":12,"minecraft:twisting_vines_plant":2,"minecraft:kelp_plant":2,"biomesoplenty:jacaranda_planks":2,"minecraft:crimson_nylium":6,"minecraft:medium_amethyst_bud":2,"biomesoplenty:jacaranda_slab":2,"biomesoplenty:brimstone_fumarole":3,"minecraft:torch":26,"minecraft:calcite":2,"minecraft:chest":28,"minecraft:nether_quartz_ore":453,"minecraft:cobblestone":37,"minecraft:oak_planks":19,"minecraft:damaged_anvil":1,"minecraft:wall_torch":14,"minecraft:amethyst_block":3,"minecraft:warped_nylium":14,"biomesoplenty:magic_planks":8,"biomesoplenty:magic_leaves":115,"minecraft:nether_wart_block":2,"minecraft:birch_log":7,"minecraft:lilac":1,"minecraft:light_gray_wool":3,"biomesoplenty:umbran_log":1,"biomesoplenty:fir_log":1,"minecraft:smooth_stone_slab":1,"minecraft:grass":233,"biomesoplenty:clover":2,"biomesoplenty:dead_log":1,"minecraft:oak_log":24,"minecraft:sand":34,"minecraft:dirt":63,"minecraft:raw_copper_block":1,"minecraft:deepslate":51,"minecraft:netherrack":217,"minecraft:oak_leaves":46,"minecraft:nether_gold_ore":37,"minecraft:diamond_ore":5,"minecraft:crying_obsidian":1,"minecraft:tuff":25,"minecraft:mossy_cobblestone":1,"minecraft:deepslate_diamond_ore":16,"minecraft:dark_oak_log":9,"minecraft:nether_bricks":5,"minecraft:dark_oak_fence":1,"biomesoplenty:bush":1,"minecraft:crimson_roots":2,"minecraft:spruce_leaves":4,"biomesoplenty:dead_grass":9,"minecraft:kelp":11,"minecraft:red_mushroom":1,"minecraft:sandstone":32,"biomesoplenty:dune_grass":6,"minecraft:hay_block":1,"biomesoplenty:jacaranda_log":163,"minecraft:andesite":11,"biomesoplenty:flesh":1,"minecraft:gold_block":1,"biomesoplenty:magic_log":283,"minecraft:nether_brick_fence":2,"biomesoplenty:sea_oats":11,"minecraft:bookshelf":55,"minecraft:potatoes":247,"biomesoplenty:high_grass":2,"minecraft:deepslate_iron_ore":32,"biomesoplenty:brimstone_bud":1,"biomesoplenty:jacaranda_door":2,"biomesoplenty:barley":1,"biomesoplenty:spider_egg":2,"minecraft:stone":248,"minecraft:podzol":37,"biomesoplenty:magic_stairs":10,"biomesoplenty:redwood_planks":16,"minecraft:glass_pane":22,"minecraft:soul_sand":5,"minecraft:basalt":1,"minecraft:crafting_table":6,"biomesoplenty:high_grass_plant":1,"minecraft:tall_grass":13,"minecraft:deepslate_gold_ore":12,"biomesoplenty:sprout":32,"biomesoplenty:huge_clover_petal":8,"minecraft:lapis_ore":7,"minecraft:diorite":24,"minecraft:blue_bed":1,"minecraft:warped_wart_block":1,"minecraft:birch_planks":1,"minecraft:cobblestone_wall":4,"biomesoplenty:blue_hydrangea":29,"biomesoplenty:mahogany_log":1,"biomesoplenty:hellbark_leaves":1,"biomesoplenty:pink_daffodil":1,"minecraft:birch_leaves":9,"minecraft:bee_nest":1,"minecraft:coal_ore":184,"biomesoplenty:fir_leaves":14,"biomesoplenty:redwood_leaves":62,"minecraft:gravel":2,"biomesoplenty:stringy_cobweb":1,"minecraft:cobweb":40,"minecraft:polished_andesite":2,"minecraft:gold_ore":1,"biomesoplenty:redwood_wood":428,"minecraft:fern":11},"minecraft:killed":{"minecraft:cave_spider":6,"minecraft:witch":1,"minecraft:spider":12,"minecraft:cod":6,"minecraft:skeleton":40,"minecraft:chicken":6,"minecraft:magma_cube":34,"minecraft:piglin":15,"minecraft:pig":8,"minecraft:zombie_villager":7,"minecraft:salmon":2,"minecraft:iron_golem":1,"minecraft:creeper":14,"minecraft:sheep":3,"minecraft:trader_llama":1,"minecraft:pillager":3,"minecraft:zombie":65,"minecraft:ghast":1,"minecraft:blaze":5,"minecraft:cow":69,"minecraft:vindicator":2,"minecraft:drowned":2,"minecraft:wandering_trader":1,"minecraft:hoglin":5,"minecraft:squid":1,"minecraft:wither_skeleton":14,"minecraft:enderman":4},"minecraft:broken":{"minecraft:golden_helmet":1,"minecraft:iron_shovel":1,"minecraft:iron_boots":1,"minecraft:iron_leggings":1,"minecraft:stone_pickaxe":2,"minecraft:wooden_sword":1,"minecraft:stone_axe":1,"minecraft:wooden_axe":1,"minecraft:stone_sword":1,"minecraft:wooden_pickaxe":1,"minecraft:iron_axe":4,"minecraft:iron_helmet":1},"minecraft:used":{"minecraft:iron_shovel":473,"biomesoplenty:magic_fence":1,"minecraft:ladder":24,"minecraft:chest":11,"minecraft:shield":8,"biomesoplenty:bramble":5,"minecraft:rotten_flesh":4,"minecraft:mutton":1,"securitycraft:keypad_item":1,"minecraft:nether_bricks":5,"minecraft:tuff":24,"minecraft:axolotl_bucket":1,"minecraft:milk_bucket":2,"minecraft:obsidian":5,"minecraft:grass_block":2,"minecraft:furnace":2,"minecraft:egg":4,"minecraft:potato":330,"minecraft:oak_planks":17,"minecraft:stone_pickaxe":262,"biomesoplenty:magic_log":1,"minecraft:wooden_pickaxe":59,"biomesoplenty:lavender":10,"minecraft:blue_bed":1,"minecraft:blast_furnace":2,"biomesoplenty:magic_planks":407,"biomesoplenty:jacaranda_planks":2,"waystones:waystone":3,"minecraft:dark_oak_log":1,"minecraft:bread":3,"minecraft:nether_wart_block":1,"minecraft:diamond_sword":855,"minecraft:wooden_sword":57,"biomesoplenty:magic_stairs":130,"minecraft:andesite":1,"minecraft:oak_boat":2,"minecraft:stone_sword":106,"minecraft:flint_and_steel":3,"biomesoplenty:redwood_planks":1027,"minecraft:cooked_chicken":4,"minecraft:netherrack":181,"minecraft:torch":67,"minecraft:dirt":81,"minecraft:warped_wart_block":1,"minecraft:purple_stained_glass_pane":2,"minecraft:wooden_axe":186,"biomesoplenty:redwood_wood":1,"minecraft:iron_axe":1089,"minecraft:golden_carrot":10,"minecraft:beef":6,"tombstone:gift":16,"minecraft:cooked_beef":57,"minecraft:cobbled_deepslate":3,"biomesoplenty:burning_blossom":9,"minecraft:cooked_mutton":3,"biomesoplenty:jacaranda_door":2,"minecraft:water_bucket":367,"tombstone:scroll_of_knowledge":2,"minecraft:bundle":1,"minecraft:baked_potato":111,"minecraft:birch_boat":31,"minecraft:salmon":2,"minecraft:crafting_table":7,"minecraft:white_bed":5,"minecraft:smoker":2,"tombstone:bag_of_seeds":2,"minecraft:diamond_pickaxe":1372,"minecraft:iron_pickaxe":92,"tombstone:magic_scroll":1,"minecraft:purple_dye":1,"minecraft:stone_axe":88,"minecraft:fishing_rod":25,"minecraft:cobblestone":129,"minecraft:porkchop":2,"minecraft:cooked_porkchop":11,"minecraft:bucket":369},"minecraft:picked_up":{"biomesoplenty:burning_blossom":18,"minecraft:nether_brick_fence":2,"minecraft:lead":4,"minecraft:diamond_sword":4,"minecraft:enchanted_book":3,"minecraft:brewing_stand":1,"minecraft:golden_sword":5,"minecraft:amethyst_block":3,"minecraft:string":101,"biomesoplenty:tall_lavender":21,"minecraft:pufferfish":2,"biomesoplenty:brimstone":7,"minecraft:gold_nugget":130,"minecraft:cobbled_deepslate":182,"minecraft:calcite":1,"biomesoplenty:redwood_wood":421,"minecraft:stick":66,"minecraft:torch":48,"minecraft:porkchop":15,"tombstone:grave_dust":9,"minecraft:diorite":24,"minecraft:stone_sword":1,"minecraft:rotten_flesh":67,"minecraft:blaze_rod":2,"minecraft:cod":19,"minecraft:cobblestone":277,"biomesoplenty:lavender":459,"minecraft:birch_log":7,"minecraft:cooked_beef":89,"minecraft:feather":7,"minecraft:lilac":1,"minecraft:magma_cream":5,"minecraft:andesite":12,"biomesoplenty:fir_sapling":1,"minecraft:potato":883,"biomesoplenty:dead_log":2,"biomesoplenty:fir_log":1,"minecraft:tuff":25,"minecraft:wither_skeleton_skull":1,"minecraft:lapis_lazuli":81,"minecraft:dirt":454,"minecraft:name_tag":1,"minecraft:twisting_vines":1,"minecraft:bone":72,"minecraft:wheat_seeds":40,"minecraft:raw_gold":13,"biomesoplenty:magic_stairs":10,"minecraft:oak_planks":17,"biomesoplenty:magic_sapling":27,"minecraft:ghast_tear":1,"minecraft:cooked_porkchop":11,"minecraft:warped_wart_block":1,"minecraft:poisonous_potato":8,"minecraft:sand":104,"minecraft:ink_sac":4,"minecraft:grass_block":3,"minecraft:dark_oak_log":4,"minecraft:mossy_cobblestone":1,"biomesoplenty:hellbark_log":13,"biomesoplenty:glowflower":1,"minecraft:bundle":3,"tombstone:familiar_stone":2,"minecraft:diamond":21,"biomesoplenty:magic_planks":9,"waystones:waystone":3,"minecraft:crossbow":4,"minecraft:granite":6,"biomesoplenty:pink_daffodil":1,"minecraft:oak_sapling":6,"minecraft:dark_oak_fence":1,"minecraft:netherrack":272,"minecraft:crimson_roots":4,"minecraft:diamond_pickaxe":1,"minecraft:fishing_rod":1,"minecraft:crafting_table":6,"minecraft:chicken":4,"minecraft:nether_wart":16,"biomesoplenty:flesh":1,"minecraft:gold_block":1,"biomesoplenty:jacaranda_sapling":36,"biomesoplenty:hellbark_sapling":2,"biomesoplenty:jacaranda_slab":4,"minecraft:beef":67,"minecraft:oak_boat":2,"minecraft:birch_sapling":1,"minecraft:chest":28,"minecraft:raw_copper_block":1,"minecraft:egg":3,"minecraft:raw_iron":226,"minecraft:sandstone":32,"minecraft:redstone":54,"minecraft:weeping_vines":2,"biomesoplenty:redwood_planks":25,"minecraft:arrow":40,"biomesoplenty:blue_hydrangea":27,"biomesoplenty:jacaranda_log":158,"minecraft:nether_bricks":5,"minecraft:hay_block":1,"biomesoplenty:redwood_sapling":21,"minecraft:mutton":4,"minecraft:rail":1,"minecraft:white_wool":3,"minecraft:basalt":1,"minecraft:salmon":5,"minecraft:leather":81,"minecraft:red_mushroom":1,"minecraft:filled_map":1,"minecraft:birch_planks":8,"biomesoplenty:jacaranda_door":2,"minecraft:oak_log":25,"minecraft:cobblestone_wall":6,"minecraft:nether_wart_block":2,"biomesoplenty:jacaranda_planks":2,"minecraft:gunpowder":13,"minecraft:blue_bed":1,"minecraft:white_banner":2,"tombstone:gift":1,"minecraft:coast_armor_trim_smithing_template":2,"minecraft:kelp":7,"minecraft:iron_ingot":2,"minecraft:cooked_chicken":2,"biomesoplenty:magic_log":283,"tombstone:bag_of_seeds":1,"minecraft:soul_sand":10,"biomesoplenty:umbran_log":1,"minecraft:book":157,"minecraft:birch_boat":31,"minecraft:quartz":460,"minecraft:raw_iron_block":2,"minecraft:gravel":3,"minecraft:white_bed":6,"minecraft:crying_obsidian":1,"minecraft:spider_eye":4,"biomesoplenty:mahogany_log":1,"biomesoplenty:bramble":11,"minecraft:stone_axe":1,"minecraft:warped_roots":3,"tombstone:magic_scroll":1,"minecraft:damaged_anvil":1,"minecraft:warped_nylium":1,"minecraft:coal":188,"minecraft:ender_pearl":2},"minecraft:custom":{"minecraft:animals_bred":18,"minecraft:interact_with_crafting_table":72,"minecraft:leave_game":30,"minecraft:time_since_death":180942,"minecraft:sprint_one_cm":2112184,"minecraft:damage_blocked_by_shield":210,"minecraft:drop":177,"minecraft:talked_to_villager":7,"minecraft:play_time":937831,"minecraft:deaths":1,"minecraft:jump":18303,"minecraft:walk_on_water_one_cm":202500,"minecraft:enchant_item":4,"minecraft:interact_with_furnace":90,"minecraft:sleep_in_bed":36,"minecraft:waystone_activated":9,"minecraft:damage_dealt":52373,"minecraft:crouch_one_cm":151951,"tombstone:undead_killed":128,"tombstone:villager_killed":1,"minecraft:interact_with_smoker":48,"minecraft:horse_one_cm":2112800,"minecraft:interact_with_anvil":1,"minecraft:mob_kills":356,"minecraft:inspect_hopper":2,"minecraft:climb_one_cm":36155,"minecraft:walk_one_cm":2262557,"minecraft:sneak_time":55001,"minecraft:walk_under_water_one_cm":279481,"minecraft:boat_one_cm":1407388,"minecraft:interact_with_blast_furnace":61,"minecraft:total_world_time":937831,"tombstone:raider_killed":6,"minecraft:tune_noteblock":6,"minecraft:interact_with_stonecutter":1,"minecraft:time_since_rest":160474,"minecraft:damage_taken":10085,"minecraft:swim_one_cm":248401,"minecraft:fly_one_cm":2775362,"minecraft:open_chest":506,"minecraft:fish_caught":18,"minecraft:fall_one_cm":470986},"minecraft:dropped":{"minecraft:soul_sand":5,"minecraft:birch_planks":8,"minecraft:diamond":3,"minecraft:crafting_table":1,"minecraft:crossbow":4,"minecraft:weeping_vines":2,"minecraft:warped_roots":2,"minecraft:leather":13,"minecraft:dirt":8,"minecraft:dark_oak_log":3,"minecraft:dark_oak_fence":1,"minecraft:crimson_roots":4,"minecraft:coast_armor_trim_smithing_template":2,"minecraft:cooked_cod":2,"minecraft:iron_pickaxe":1,"minecraft:fishing_rod":1,"biomesoplenty:burning_blossom":2,"minecraft:bone":10,"minecraft:gravel":3,"minecraft:stone_axe":2,"minecraft:cobbled_deepslate":25,"biomesoplenty:bramble":6,"minecraft:twisting_vines":1,"minecraft:birch_sapling":1,"minecraft:rotten_flesh":10,"biomesoplenty:umbran_log":1,"minecraft:gunpowder":1,"minecraft:quartz_block":107,"minecraft:basalt":1,"minecraft:arrow":10,"biomesoplenty:flesh":1,"minecraft:quartz":16,"biomesoplenty:tall_lavender":16,"minecraft:netherrack":5,"biomesoplenty:dead_log":2,"minecraft:iron_ingot":5,"minecraft:bread":7,"biomesoplenty:jacaranda_sapling":9,"minecraft:wheat_seeds":25,"minecraft:lilac":1,"minecraft:mossy_cobblestone":1,"biomesoplenty:redwood_wood":1,"minecraft:poisonous_potato":8,"biomesoplenty:lavender":316,"minecraft:feather":6,"minecraft:cobblestone":5,"minecraft:book":1,"minecraft:granite":6,"minecraft:stick":2,"minecraft:diorite":20,"minecraft:ink_sac":4,"minecraft:torch":1,"biomesoplenty:brimstone":7,"minecraft:nether_wart_block":1,"minecraft:cooked_salmon":1,"minecraft:paper":17,"minecraft:string":41,"minecraft:kelp":4,"tombstone:familiar_stone":1,"minecraft:warped_nylium":1,"minecraft:stone_sword":1,"minecraft:nether_wart":8,"minecraft:cobblestone_wall":1,"minecraft:tuff":1,"minecraft:filled_map":2,"minecraft:diamond_sword":4,"minecraft:hay_block":1,"biomesoplenty:fir_planks":4,"minecraft:diamond_pickaxe":1,"minecraft:andesite":6,"minecraft:oak_sapling":1,"minecraft:golden_sword":10,"minecraft:spider_eye":3,"minecraft:birch_boat":1},"minecraft:crafted":{"biomesoplenty:magic_fence":3,"minecraft:oak_planks":96,"minecraft:smooth_stone":6,"minecraft:cobblestone_slab":6,"minecraft:birch_boat":1,"minecraft:cooked_chicken":2,"minecraft:stone":17,"securitycraft:keypad_item":1,"minecraft:heavy_weighted_pressure_plate":1,"minecraft:cooked_mutton":3,"minecraft:quartz_block":107,"minecraft:iron_boots":2,"minecraft:chest":7,"minecraft:smoker":2,"minecraft:cooked_porkchop":11,"biomesoplenty:jacaranda_planks":32,"minecraft:crafting_table":3,"minecraft:iron_helmet":2,"minecraft:wooden_pickaxe":1,"minecraft:baked_potato":302,"minecraft:birch_planks":28,"biomesoplenty:fir_planks":4,"minecraft:iron_chestplate":2,"minecraft:diamond_pickaxe":3,"minecraft:purple_dye":2,"minecraft:shield":1,"minecraft:stick":100,"minecraft:iron_ingot":248,"minecraft:iron_pickaxe":1,"minecraft:iron_block":34,"minecraft:stone_sword":1,"minecraft:gold_ingot":7,"minecraft:wooden_sword":1,"minecraft:raw_iron":18,"biomesoplenty:mahogany_planks":4,"minecraft:furnace":6,"minecraft:stone_button":10,"minecraft:blast_furnace":2,"minecraft:glass_pane":16,"minecraft:iron_axe":5,"minecraft:ladder":33,"minecraft:stone_pickaxe":2,"biomesoplenty:magic_planks":588,"minecraft:cooked_beef":52,"minecraft:purple_stained_glass_pane":8,"minecraft:diamond_sword":2,"biomesoplenty:redwood_planks":1500,"minecraft:bucket":2,"minecraft:stone_axe":2,"minecraft:air":0,"biomesoplenty:magic_stairs":120,"minecraft:oak_boat":1,"minecraft:wooden_axe":1,"minecraft:iron_shovel":5,"minecraft:iron_leggings":2,"minecraft:torch":12}},"DataVersion":3463}