{"stats":{"minecraft:dropped":{"minecraft:iron_ingot":5,"biomesoplenty:jacaranda_sapling":9,"minecraft:soul_sand":5,"minecraft:birch_planks":8,"minecraft:wheat_seeds":5,"biomesoplenty:redwood_wood":1,"minecraft:diamond":2,"biomesoplenty:lavender":172,"minecraft:feather":3,"minecraft:cobblestone":3,"minecraft:book":1,"minecraft:leather":13,"minecraft:granite":6,"minecraft:stick":2,"minecraft:dirt":6,"minecraft:cooked_cod":2,"minecraft:coast_armor_trim_smithing_template":2,"minecraft:cooked_salmon":1,"minecraft:iron_pickaxe":1,"minecraft:paper":17,"minecraft:string":38,"minecraft:bone":9,"minecraft:gravel":3,"tombstone:familiar_stone":1,"minecraft:kelp":4,"minecraft:nether_wart":8,"minecraft:cobbled_deepslate":2,"minecraft:birch_sapling":1,"minecraft:rotten_flesh":5,"minecraft:filled_map":2,"minecraft:andesite":6,"minecraft:birch_boat":1,"minecraft:arrow":4,"minecraft:quartz":16,"biomesoplenty:tall_lavender":9,"minecraft:netherrack":5},"minecraft:custom":{"minecraft:mob_kills":92,"minecraft:interact_with_crafting_table":32,"minecraft:leave_game":11,"minecraft:time_since_death":269476,"minecraft:climb_one_cm":451,"minecraft:sprint_one_cm":516884,"minecraft:walk_one_cm":580084,"minecraft:drop":72,"minecraft:talked_to_villager":1,"minecraft:play_time":269476,"minecraft:sneak_time":17495,"minecraft:walk_under_water_one_cm":208601,"minecraft:boat_one_cm":481180,"minecraft:jump":4848,"minecraft:interact_with_blast_furnace":26,"minecraft:walk_on_water_one_cm":104134,"minecraft:total_world_time":269476,"minecraft:interact_with_furnace":48,"tombstone:raider_killed":1,"minecraft:sleep_in_bed":11,"minecraft:time_since_rest":2434,"minecraft:damage_taken":2408,"minecraft:damage_dealt":14351,"minecraft:swim_one_cm":70846,"minecraft:fly_one_cm":596751,"minecraft:open_chest":78,"minecraft:crouch_one_cm":33715,"tombstone:undead_killed":41,"tombstone:villager_killed":1,"minecraft:fall_one_cm":104754,"minecraft:horse_one_cm":1351801},"minecraft:killed":{"minecraft:cave_spider":4,"minecraft:spider":3,"minecraft:cod":6,"minecraft:skeleton":9,"minecraft:chicken":3,"minecraft:drowned":2,"minecraft:pig":7,"minecraft:wandering_trader":1,"minecraft:creeper":3,"minecraft:sheep":3,"minecraft:trader_llama":1,"minecraft:pillager":1,"minecraft:zombie":29,"minecraft:wither_skeleton":1,"minecraft:enderman":1,"minecraft:blaze":2,"minecraft:cow":13},"minecraft:used":{"minecraft:stone_sword":106,"minecraft:flint_and_steel":1,"biomesoplenty:redwood_planks":1023,"minecraft:chest":4,"minecraft:cooked_chicken":2,"minecraft:netherrack":8,"minecraft:torch":43,"minecraft:dirt":8,"minecraft:mutton":1,"securitycraft:keypad_item":1,"minecraft:tuff":23,"minecraft:obsidian":5,"minecraft:milk_bucket":1,"minecraft:wooden_axe":186,"minecraft:iron_axe":504,"minecraft:golden_carrot":10,"minecraft:furnace":2,"tombstone:gift":4,"minecraft:cooked_beef":10,"minecraft:cooked_mutton":3,"minecraft:water_bucket":124,"tombstone:scroll_of_knowledge":2,"minecraft:bundle":1,"minecraft:stone_pickaxe":262,"minecraft:wooden_pickaxe":59,"minecraft:birch_boat":11,"biomesoplenty:lavender":10,"minecraft:crafting_table":5,"minecraft:blast_furnace":2,"minecraft:white_bed":5,"minecraft:diamond_pickaxe":86,"minecraft:bread":1,"minecraft:iron_pickaxe":92,"minecraft:stone_axe":88,"minecraft:diamond_sword":140,"minecraft:wooden_sword":57,"minecraft:cobblestone":63,"minecraft:porkchop":2,"minecraft:cooked_porkchop":11,"minecraft:bucket":125,"minecraft:oak_boat":2},"minecraft:broken":{"minecraft:stone_sword":1,"minecraft:wooden_pickaxe":1,"minecraft:stone_pickaxe":2,"minecraft:iron_axe":2,"minecraft:wooden_sword":1,"minecraft:stone_axe":1,"minecraft:wooden_axe":1},"minecraft:crafted":{"minecraft:wooden_sword":1,"minecraft:smooth_stone":6,"minecraft:oak_planks":72,"minecraft:cobblestone_slab":6,"minecraft:birch_boat":1,"minecraft:cooked_chicken":2,"minecraft:furnace":4,"minecraft:stone_button":10,"minecraft:blast_furnace":2,"minecraft:stone":17,"securitycraft:keypad_item":1,"minecraft:heavy_weighted_pressure_plate":1,"minecraft:cooked_mutton":3,"minecraft:iron_boots":1,"minecraft:iron_axe":2,"minecraft:stone_pickaxe":2,"minecraft:chest":3,"minecraft:cooked_beef":18,"minecraft:diamond_sword":1,"biomesoplenty:jacaranda_planks":16,"minecraft:cooked_porkchop":11,"minecraft:crafting_table":2,"biomesoplenty:redwood_planks":1500,"minecraft:wooden_pickaxe":1,"minecraft:iron_helmet":1,"minecraft:bucket":1,"minecraft:birch_planks":28,"minecraft:stone_axe":1,"minecraft:air":0,"minecraft:oak_boat":1,"minecraft:iron_chestplate":1,"minecraft:diamond_pickaxe":1,"minecraft:stick":16,"minecraft:iron_ingot":127,"minecraft:iron_pickaxe":1,"minecraft:wooden_axe":1,"minecraft:stone_sword":1,"minecraft:iron_leggings":1,"minecraft:torch":8},"minecraft:mined":{"minecraft:diamond_ore":4,"minecraft:crying_obsidian":1,"minecraft:white_bed":5,"minecraft:tuff":23,"minecraft:deepslate_diamond_ore":7,"minecraft:granite":6,"minecraft:grass_block":10,"biomesoplenty:flowering_oak_leaves":1,"minecraft:kelp":11,"minecraft:nether_wart":10,"biomesoplenty:dune_grass":6,"minecraft:sandstone":32,"biomesoplenty:jacaranda_log":119,"biomesoplenty:tall_lavender":7,"minecraft:iron_ore":58,"minecraft:fire":3,"biomesoplenty:lavender":173,"minecraft:andesite":7,"minecraft:gold_block":1,"biomesoplenty:magic_log":6,"biomesoplenty:sea_oats":11,"minecraft:deepslate_iron_ore":6,"biomesoplenty:spider_egg":2,"minecraft:stone":121,"minecraft:podzol":6,"biomesoplenty:jacaranda_leaves":47,"minecraft:deepslate_redstone_ore":12,"biomesoplenty:redwood_planks":15,"minecraft:kelp_plant":2,"minecraft:soul_sand":5,"minecraft:crafting_table":4,"minecraft:torch":18,"minecraft:chest":1,"minecraft:nether_quartz_ore":16,"minecraft:tall_grass":2,"minecraft:cobblestone":3,"biomesoplenty:sprout":16,"minecraft:lapis_ore":6,"minecraft:wall_torch":6,"minecraft:birch_log":7,"minecraft:birch_leaves":3,"minecraft:grass":60,"biomesoplenty:clover":1,"minecraft:oak_log":18,"minecraft:coal_ore":161,"biomesoplenty:redwood_leaves":48,"minecraft:gravel":2,"minecraft:sand":34,"minecraft:dirt":9,"biomesoplenty:stringy_cobweb":1,"minecraft:cobweb":31,"minecraft:netherrack":13,"minecraft:deepslate":9,"biomesoplenty:redwood_wood":383,"minecraft:oak_leaves":17},"minecraft:picked_up":{"minecraft:crafting_table":4,"minecraft:chicken":3,"minecraft:nether_wart":16,"minecraft:lead":3,"minecraft:gold_block":1,"biomesoplenty:jacaranda_sapling":31,"minecraft:string":84,"biomesoplenty:tall_lavender":10,"minecraft:cobbled_deepslate":9,"minecraft:beef":29,"minecraft:oak_boat":2,"biomesoplenty:redwood_wood":376,"minecraft:chest":1,"minecraft:birch_sapling":1,"minecraft:egg":1,"minecraft:stick":45,"minecraft:raw_iron":126,"minecraft:sandstone":32,"minecraft:torch":27,"minecraft:porkchop":15,"tombstone:grave_dust":5,"minecraft:redstone":54,"biomesoplenty:redwood_planks":15,"minecraft:arrow":12,"minecraft:rotten_flesh":23,"biomesoplenty:jacaranda_log":114,"biomesoplenty:redwood_sapling":21,"minecraft:blaze_rod":2,"minecraft:mutton":4,"minecraft:cobblestone":140,"minecraft:cod":6,"minecraft:white_wool":3,"biomesoplenty:lavender":182,"minecraft:birch_log":7,"minecraft:feather":4,"minecraft:andesite":7,"minecraft:leather":29,"minecraft:filled_map":1,"minecraft:birch_planks":8,"minecraft:tuff":23,"minecraft:oak_log":18,"minecraft:gunpowder":4,"minecraft:lapis_lazuli":37,"minecraft:dirt":24,"minecraft:white_banner":1,"tombstone:gift":1,"minecraft:coast_armor_trim_smithing_template":2,"minecraft:bone":21,"minecraft:kelp":7,"minecraft:wheat_seeds":8,"biomesoplenty:magic_log":6,"minecraft:soul_sand":10,"minecraft:birch_boat":12,"minecraft:quartz":32,"minecraft:raw_iron_block":2,"minecraft:gravel":3,"minecraft:sand":104,"minecraft:white_bed":5,"minecraft:crying_obsidian":1,"minecraft:bundle":2,"tombstone:familiar_stone":2,"minecraft:diamond":11,"minecraft:granite":6,"minecraft:oak_sapling":1,"minecraft:netherrack":13,"minecraft:coal":159,"minecraft:ender_pearl":1}},"DataVersion":3463}