{"stats":{"minecraft:dropped":{"minecraft:gravel":3,"minecraft:wheat_seeds":4,"minecraft:cobbled_deepslate":2,"biomesoplenty:redwood_wood":1,"biomesoplenty:lavender":154,"minecraft:cobblestone":2,"minecraft:rotten_flesh":2,"minecraft:granite":6,"minecraft:stick":2,"minecraft:dirt":1,"minecraft:andesite":5,"minecraft:string":38,"biomesoplenty:tall_lavender":7},"minecraft:custom":{"minecraft:interact_with_furnace":27,"minecraft:mob_kills":44,"minecraft:interact_with_crafting_table":21,"minecraft:leave_game":6,"minecraft:time_since_death":103146,"minecraft:sleep_in_bed":7,"minecraft:time_since_rest":3609,"minecraft:sprint_one_cm":235486,"minecraft:damage_taken":1123,"minecraft:walk_one_cm":297096,"minecraft:drop":29,"minecraft:damage_dealt":7164,"minecraft:swim_one_cm":22740,"minecraft:talked_to_villager":1,"minecraft:fly_one_cm":187882,"minecraft:open_chest":37,"minecraft:crouch_one_cm":11224,"minecraft:play_time":103146,"tombstone:undead_killed":24,"minecraft:sneak_time":5933,"minecraft:walk_under_water_one_cm":37231,"minecraft:boat_one_cm":48015,"minecraft:jump":2296,"minecraft:interact_with_blast_furnace":13,"minecraft:walk_on_water_one_cm":39574,"minecraft:fall_one_cm":36396,"minecraft:horse_one_cm":3954,"minecraft:total_world_time":103146},"minecraft:killed":{"minecraft:cave_spider":1,"minecraft:pig":5,"minecraft:spider":1,"minecraft:cod":6,"minecraft:creeper":2,"minecraft:sheep":2,"minecraft:skeleton":2,"minecraft:zombie":22,"minecraft:enderman":1,"minecraft:cow":1},"minecraft:used":{"tombstone:scroll_of_knowledge":2,"minecraft:water_bucket":42,"minecraft:stone_sword":106,"minecraft:stone_pickaxe":216,"minecraft:chest":2,"minecraft:wooden_pickaxe":59,"minecraft:torch":14,"minecraft:dirt":6,"minecraft:crafting_table":4,"minecraft:blast_furnace":2,"minecraft:white_bed":5,"minecraft:tuff":23,"minecraft:wooden_axe":186,"minecraft:iron_pickaxe":74,"minecraft:cobblestone":63,"minecraft:stone_axe":57,"minecraft:wooden_sword":57,"minecraft:golden_carrot":3,"minecraft:furnace":2,"minecraft:cooked_porkchop":8,"tombstone:gift":2,"minecraft:bucket":43,"minecraft:cooked_mutton":3,"minecraft:cooked_beef":1,"minecraft:oak_boat":2},"minecraft:broken":{"minecraft:stone_pickaxe":1,"minecraft:wooden_sword":1,"minecraft:stone_sword":1,"minecraft:wooden_axe":1,"minecraft:wooden_pickaxe":1},"minecraft:crafted":{"minecraft:cooked_beef":3,"minecraft:wooden_sword":1,"minecraft:smooth_stone":6,"minecraft:oak_planks":56,"minecraft:cobblestone_slab":6,"biomesoplenty:jacaranda_planks":16,"minecraft:cooked_porkchop":11,"minecraft:crafting_table":1,"minecraft:iron_helmet":1,"minecraft:wooden_pickaxe":1,"minecraft:furnace":4,"minecraft:blast_furnace":2,"minecraft:stone":6,"minecraft:bucket":1,"minecraft:stone_axe":1,"minecraft:cooked_mutton":3,"minecraft:air":0,"minecraft:oak_boat":1,"minecraft:iron_boots":1,"minecraft:iron_chestplate":1,"minecraft:iron_axe":1,"minecraft:stick":16,"minecraft:iron_ingot":63,"minecraft:iron_pickaxe":1,"minecraft:stone_pickaxe":2,"minecraft:wooden_axe":1,"minecraft:stone_sword":1,"minecraft:chest":1,"minecraft:iron_leggings":1,"minecraft:torch":8},"minecraft:mined":{"biomesoplenty:jacaranda_leaves":9,"minecraft:deepslate_redstone_ore":12,"minecraft:diamond_ore":4,"minecraft:tuff":23,"minecraft:white_bed":5,"minecraft:deepslate_diamond_ore":7,"minecraft:crafting_table":3,"minecraft:torch":1,"minecraft:granite":6,"minecraft:grass_block":5,"minecraft:chest":1,"biomesoplenty:flowering_oak_leaves":1,"minecraft:tall_grass":2,"minecraft:cobblestone":3,"minecraft:lapis_ore":6,"minecraft:wall_torch":2,"biomesoplenty:jacaranda_log":27,"biomesoplenty:tall_lavender":5,"minecraft:iron_ore":58,"biomesoplenty:lavender":167,"minecraft:andesite":6,"minecraft:grass":52,"minecraft:coal_ore":99,"minecraft:oak_log":18,"minecraft:deepslate_iron_ore":6,"minecraft:gravel":2,"minecraft:dirt":5,"minecraft:cobweb":31,"minecraft:stone":105,"biomesoplenty:redwood_wood":1,"minecraft:oak_leaves":12,"minecraft:deepslate":9,"minecraft:podzol":3},"minecraft:picked_up":{"biomesoplenty:lavender":154,"minecraft:crafting_table":3,"minecraft:andesite":6,"minecraft:leather":2,"biomesoplenty:jacaranda_sapling":8,"minecraft:tuff":23,"minecraft:oak_log":18,"minecraft:gunpowder":3,"minecraft:lapis_lazuli":37,"minecraft:dirt":13,"minecraft:string":84,"biomesoplenty:tall_lavender":8,"minecraft:wheat_seeds":7,"minecraft:cobbled_deepslate":9,"minecraft:beef":3,"minecraft:oak_boat":2,"biomesoplenty:redwood_wood":1,"minecraft:chest":1,"minecraft:raw_iron":62,"minecraft:stick":9,"minecraft:torch":3,"minecraft:gravel":3,"minecraft:porkchop":11,"tombstone:grave_dust":1,"minecraft:white_bed":5,"minecraft:redstone":54,"minecraft:arrow":1,"minecraft:rotten_flesh":20,"biomesoplenty:jacaranda_log":27,"minecraft:diamond":11,"minecraft:granite":6,"minecraft:oak_sapling":1,"minecraft:mutton":3,"minecraft:cod":6,"minecraft:coal":99,"minecraft:white_wool":2,"minecraft:cobblestone":122,"minecraft:ender_pearl":1}},"DataVersion":3463}