{"stats":{"minecraft:killed":{"minecraft:cave_spider":5,"minecraft:spider":5,"minecraft:cod":6,"minecraft:skeleton":13,"minecraft:chicken":4,"minecraft:drowned":2,"minecraft:pig":7,"minecraft:salmon":2,"minecraft:wandering_trader":1,"minecraft:creeper":5,"minecraft:sheep":3,"minecraft:trader_llama":1,"minecraft:pillager":1,"minecraft:zombie":34,"minecraft:wither_skeleton":1,"minecraft:enderman":1,"minecraft:blaze":2,"minecraft:cow":19},"minecraft:custom":{"minecraft:mob_kills":117,"minecraft:interact_with_crafting_table":37,"minecraft:leave_game":13,"minecraft:time_since_death":353664,"minecraft:climb_one_cm":451,"minecraft:sprint_one_cm":627717,"minecraft:walk_one_cm":807540,"minecraft:drop":96,"minecraft:talked_to_villager":1,"minecraft:play_time":353664,"minecraft:sneak_time":21508,"minecraft:walk_under_water_one_cm":228086,"minecraft:boat_one_cm":592060,"minecraft:jump":5896,"minecraft:interact_with_blast_furnace":30,"minecraft:walk_on_water_one_cm":121544,"minecraft:total_world_time":353664,"minecraft:interact_with_furnace":52,"tombstone:raider_killed":1,"minecraft:sleep_in_bed":15,"minecraft:time_since_rest":43250,"minecraft:waystone_activated":1,"minecraft:damage_taken":2999,"minecraft:damage_dealt":18272,"minecraft:swim_one_cm":108800,"minecraft:fly_one_cm":705928,"minecraft:open_chest":91,"minecraft:crouch_one_cm":52290,"tombstone:undead_killed":50,"tombstone:villager_killed":1,"minecraft:fall_one_cm":126315,"minecraft:horse_one_cm":1971440},"minecraft:mined":{"minecraft:diamond_ore":4,"minecraft:crying_obsidian":1,"minecraft:white_bed":5,"minecraft:tuff":24,"minecraft:deepslate_diamond_ore":8,"minecraft:granite":6,"minecraft:grass_block":268,"biomesoplenty:flowering_oak_leaves":1,"minecraft:kelp":11,"minecraft:nether_wart":10,"biomesoplenty:dune_grass":6,"minecraft:sandstone":32,"minecraft:spawner":1,"biomesoplenty:jacaranda_log":119,"biomesoplenty:tall_lavender":13,"minecraft:iron_ore":83,"minecraft:fire":5,"biomesoplenty:lavender":292,"minecraft:andesite":11,"minecraft:gold_block":1,"biomesoplenty:magic_log":136,"biomesoplenty:sea_oats":11,"minecraft:deepslate_iron_ore":10,"minecraft:stone":218,"biomesoplenty:spider_egg":2,"minecraft:podzol":9,"biomesoplenty:jacaranda_leaves":47,"minecraft:deepslate_redstone_ore":12,"biomesoplenty:redwood_planks":16,"minecraft:soul_sand":5,"minecraft:kelp_plant":2,"minecraft:crafting_table":4,"minecraft:torch":19,"minecraft:chest":1,"minecraft:nether_quartz_ore":16,"minecraft:tall_grass":11,"minecraft:cobblestone":3,"biomesoplenty:sprout":16,"minecraft:lapis_ore":6,"biomesoplenty:huge_clover_petal":8,"minecraft:diorite":24,"minecraft:wall_torch":8,"biomesoplenty:magic_planks":1,"biomesoplenty:magic_leaves":37,"minecraft:birch_log":7,"minecraft:birch_leaves":8,"minecraft:grass":181,"biomesoplenty:clover":1,"minecraft:oak_log":18,"minecraft:coal_ore":168,"biomesoplenty:redwood_leaves":48,"minecraft:gravel":2,"minecraft:sand":34,"minecraft:dirt":15,"biomesoplenty:stringy_cobweb":1,"minecraft:cobweb":37,"minecraft:netherrack":13,"minecraft:deepslate":19,"biomesoplenty:redwood_wood":383,"minecraft:oak_leaves":20,"minecraft:fern":1},"minecraft:broken":{"minecraft:iron_shovel":1,"minecraft:stone_sword":1,"minecraft:wooden_pickaxe":1,"minecraft:stone_pickaxe":2,"minecraft:iron_axe":2,"minecraft:wooden_sword":1,"minecraft:stone_axe":1,"minecraft:wooden_axe":1},"minecraft:picked_up":{"minecraft:crafting_table":4,"minecraft:chicken":4,"minecraft:nether_wart":16,"minecraft:lead":3,"minecraft:gold_block":1,"biomesoplenty:jacaranda_sapling":31,"minecraft:string":93,"biomesoplenty:tall_lavender":16,"minecraft:cobbled_deepslate":19,"minecraft:beef":46,"minecraft:oak_boat":2,"biomesoplenty:redwood_wood":376,"minecraft:chest":1,"minecraft:birch_sapling":1,"minecraft:egg":1,"minecraft:stick":54,"minecraft:raw_iron":154,"minecraft:sandstone":32,"minecraft:torch":31,"minecraft:porkchop":15,"tombstone:grave_dust":6,"minecraft:diorite":24,"minecraft:redstone":54,"biomesoplenty:redwood_planks":16,"minecraft:arrow":14,"minecraft:rotten_flesh":34,"biomesoplenty:jacaranda_log":114,"biomesoplenty:redwood_sapling":21,"minecraft:blaze_rod":2,"minecraft:mutton":4,"minecraft:cobblestone":233,"minecraft:cod":6,"minecraft:white_wool":3,"biomesoplenty:lavender":320,"minecraft:birch_log":7,"minecraft:feather":5,"minecraft:salmon":2,"minecraft:andesite":11,"minecraft:leather":33,"minecraft:filled_map":1,"minecraft:birch_planks":8,"minecraft:tuff":24,"minecraft:oak_log":18,"minecraft:gunpowder":5,"minecraft:lapis_lazuli":37,"minecraft:dirt":290,"minecraft:white_banner":1,"tombstone:gift":1,"minecraft:coast_armor_trim_smithing_template":2,"minecraft:bone":26,"minecraft:kelp":7,"minecraft:wheat_seeds":28,"minecraft:iron_ingot":1,"biomesoplenty:magic_log":136,"minecraft:soul_sand":10,"biomesoplenty:magic_sapling":7,"minecraft:birch_boat":14,"minecraft:quartz":32,"minecraft:raw_iron_block":2,"minecraft:gravel":3,"minecraft:sand":104,"minecraft:white_bed":5,"minecraft:crying_obsidian":1,"minecraft:spider_eye":2,"minecraft:bundle":2,"tombstone:familiar_stone":2,"minecraft:diamond":12,"biomesoplenty:magic_planks":1,"waystones:waystone":1,"minecraft:granite":6,"minecraft:oak_sapling":1,"minecraft:netherrack":13,"minecraft:coal":166,"minecraft:ender_pearl":1},"minecraft:used":{"minecraft:stone_sword":106,"minecraft:iron_shovel":356,"minecraft:flint_and_steel":3,"biomesoplenty:redwood_planks":1027,"minecraft:chest":4,"minecraft:cooked_chicken":2,"minecraft:netherrack":8,"minecraft:torch":47,"minecraft:dirt":18,"minecraft:mutton":1,"securitycraft:keypad_item":1,"minecraft:tuff":23,"minecraft:obsidian":5,"minecraft:milk_bucket":1,"minecraft:wooden_axe":186,"minecraft:iron_axe":666,"minecraft:golden_carrot":10,"minecraft:beef":4,"minecraft:furnace":2,"tombstone:gift":6,"minecraft:cooked_beef":16,"minecraft:cobbled_deepslate":3,"minecraft:cooked_mutton":3,"minecraft:water_bucket":155,"tombstone:scroll_of_knowledge":2,"minecraft:bundle":1,"minecraft:stone_pickaxe":262,"minecraft:wooden_pickaxe":59,"minecraft:birch_boat":13,"biomesoplenty:lavender":10,"minecraft:salmon":2,"minecraft:crafting_table":5,"minecraft:blast_furnace":2,"minecraft:white_bed":5,"biomesoplenty:magic_planks":109,"waystones:waystone":1,"minecraft:diamond_pickaxe":261,"minecraft:bread":1,"minecraft:iron_pickaxe":92,"minecraft:purple_dye":1,"minecraft:stone_axe":88,"minecraft:diamond_sword":209,"minecraft:wooden_sword":57,"minecraft:cobblestone":126,"minecraft:porkchop":2,"minecraft:cooked_porkchop":11,"minecraft:bucket":156,"minecraft:oak_boat":2},"minecraft:crafted":{"minecraft:wooden_sword":1,"minecraft:smooth_stone":6,"minecraft:oak_planks":72,"minecraft:cobblestone_slab":6,"minecraft:birch_boat":1,"minecraft:cooked_chicken":2,"minecraft:furnace":4,"minecraft:stone_button":10,"minecraft:blast_furnace":2,"minecraft:stone":17,"securitycraft:keypad_item":1,"minecraft:heavy_weighted_pressure_plate":1,"minecraft:cooked_mutton":3,"minecraft:iron_boots":1,"minecraft:iron_axe":4,"minecraft:stone_pickaxe":2,"minecraft:chest":3,"biomesoplenty:magic_planks":152,"minecraft:cooked_beef":25,"minecraft:diamond_sword":1,"biomesoplenty:jacaranda_planks":16,"minecraft:cooked_porkchop":11,"minecraft:crafting_table":2,"biomesoplenty:redwood_planks":1500,"minecraft:wooden_pickaxe":1,"minecraft:iron_helmet":1,"minecraft:bucket":1,"minecraft:birch_planks":28,"minecraft:stone_axe":1,"minecraft:air":0,"minecraft:oak_boat":1,"minecraft:iron_chestplate":1,"minecraft:purple_dye":1,"minecraft:diamond_pickaxe":1,"minecraft:stick":16,"minecraft:iron_ingot":127,"minecraft:iron_pickaxe":1,"minecraft:wooden_axe":1,"minecraft:stone_sword":1,"minecraft:iron_shovel":3,"minecraft:iron_leggings":1,"minecraft:torch":8},"minecraft:dropped":{"minecraft:iron_ingot":5,"biomesoplenty:jacaranda_sapling":9,"minecraft:soul_sand":5,"minecraft:birch_planks":8,"minecraft:wheat_seeds":19,"biomesoplenty:redwood_wood":1,"minecraft:diamond":2,"biomesoplenty:lavender":308,"minecraft:feather":4,"minecraft:cobblestone":3,"minecraft:book":1,"minecraft:leather":13,"minecraft:granite":6,"minecraft:stick":2,"minecraft:dirt":6,"minecraft:diorite":20,"minecraft:cooked_cod":2,"minecraft:coast_armor_trim_smithing_template":2,"minecraft:cooked_salmon":1,"minecraft:iron_pickaxe":1,"minecraft:paper":17,"minecraft:string":38,"minecraft:bone":9,"minecraft:gravel":3,"tombstone:familiar_stone":1,"minecraft:kelp":4,"minecraft:nether_wart":8,"minecraft:cobbled_deepslate":9,"minecraft:tuff":1,"minecraft:birch_sapling":1,"minecraft:rotten_flesh":5,"minecraft:filled_map":2,"minecraft:gunpowder":1,"minecraft:andesite":6,"minecraft:spider_eye":2,"minecraft:birch_boat":1,"minecraft:arrow":6,"minecraft:quartz":16,"biomesoplenty:tall_lavender":15,"minecraft:netherrack":5}},"DataVersion":3463}