{"stats":{"minecraft:dropped":{"minecraft:wheat_seeds":4,"biomesoplenty:redwood_wood":1,"biomesoplenty:lavender":154,"minecraft:feather":3,"minecraft:cobblestone":2,"minecraft:granite":6,"minecraft:stick":2,"minecraft:dirt":4,"minecraft:iron_pickaxe":1,"minecraft:string":38,"minecraft:gravel":3,"minecraft:cobbled_deepslate":2,"minecraft:birch_sapling":1,"minecraft:rotten_flesh":2,"minecraft:andesite":5,"biomesoplenty:tall_lavender":7},"minecraft:custom":{"minecraft:mob_kills":64,"minecraft:interact_with_crafting_table":29,"minecraft:leave_game":6,"minecraft:time_since_death":134653,"minecraft:climb_one_cm":451,"minecraft:sprint_one_cm":337475,"minecraft:walk_one_cm":382961,"minecraft:drop":37,"minecraft:talked_to_villager":1,"minecraft:play_time":134653,"minecraft:sneak_time":7318,"minecraft:walk_under_water_one_cm":38786,"minecraft:boat_one_cm":68490,"minecraft:jump":3014,"minecraft:interact_with_blast_furnace":15,"minecraft:walk_on_water_one_cm":40598,"minecraft:total_world_time":134653,"minecraft:interact_with_furnace":32,"tombstone:raider_killed":1,"minecraft:sleep_in_bed":8,"minecraft:time_since_rest":30745,"minecraft:damage_taken":1808,"minecraft:damage_dealt":9828,"minecraft:swim_one_cm":27472,"minecraft:fly_one_cm":298532,"minecraft:open_chest":50,"minecraft:crouch_one_cm":12732,"tombstone:undead_killed":28,"minecraft:fall_one_cm":57665,"minecraft:horse_one_cm":3954},"minecraft:killed":{"minecraft:cave_spider":1,"minecraft:spider":3,"minecraft:cod":6,"minecraft:skeleton":4,"minecraft:chicken":2,"minecraft:pig":5,"minecraft:creeper":2,"minecraft:sheep":3,"minecraft:pillager":1,"minecraft:zombie":23,"minecraft:wither_skeleton":1,"minecraft:blaze":2,"minecraft:cow":8,"minecraft:enderman":1},"minecraft:used":{"minecraft:stone_sword":106,"minecraft:flint_and_steel":1,"minecraft:chest":2,"minecraft:netherrack":8,"minecraft:torch":22,"minecraft:dirt":8,"securitycraft:keypad_item":1,"minecraft:tuff":23,"minecraft:obsidian":5,"minecraft:milk_bucket":1,"minecraft:wooden_axe":186,"minecraft:golden_carrot":9,"minecraft:furnace":2,"tombstone:gift":2,"minecraft:cooked_beef":3,"minecraft:cooked_mutton":3,"minecraft:water_bucket":49,"tombstone:scroll_of_knowledge":2,"minecraft:stone_pickaxe":262,"minecraft:birch_boat":1,"minecraft:wooden_pickaxe":59,"minecraft:crafting_table":5,"minecraft:blast_furnace":2,"minecraft:white_bed":5,"minecraft:diamond_pickaxe":30,"minecraft:iron_pickaxe":92,"minecraft:stone_axe":88,"minecraft:diamond_sword":45,"minecraft:wooden_sword":57,"minecraft:cobblestone":63,"minecraft:cooked_porkchop":11,"minecraft:bucket":50,"minecraft:oak_boat":2},"minecraft:broken":{"minecraft:stone_sword":1,"minecraft:wooden_pickaxe":1,"minecraft:stone_pickaxe":2,"minecraft:wooden_sword":1,"minecraft:stone_axe":1,"minecraft:wooden_axe":1},"minecraft:crafted":{"minecraft:wooden_sword":1,"minecraft:oak_planks":56,"minecraft:smooth_stone":6,"minecraft:cobblestone_slab":6,"minecraft:birch_boat":1,"minecraft:furnace":4,"minecraft:stone_button":10,"minecraft:blast_furnace":2,"minecraft:stone":16,"securitycraft:keypad_item":1,"minecraft:heavy_weighted_pressure_plate":1,"minecraft:cooked_mutton":3,"minecraft:iron_boots":1,"minecraft:iron_axe":1,"minecraft:stone_pickaxe":2,"minecraft:chest":1,"minecraft:cooked_beef":3,"minecraft:diamond_sword":1,"biomesoplenty:jacaranda_planks":16,"minecraft:cooked_porkchop":11,"minecraft:crafting_table":2,"minecraft:wooden_pickaxe":1,"minecraft:iron_helmet":1,"minecraft:bucket":1,"minecraft:birch_planks":28,"minecraft:stone_axe":1,"minecraft:air":0,"minecraft:oak_boat":1,"minecraft:iron_chestplate":1,"minecraft:diamond_pickaxe":1,"minecraft:stick":16,"minecraft:iron_ingot":63,"minecraft:iron_pickaxe":1,"minecraft:wooden_axe":1,"minecraft:stone_sword":1,"minecraft:iron_leggings":1,"minecraft:torch":8},"minecraft:mined":{"minecraft:diamond_ore":4,"minecraft:crying_obsidian":1,"minecraft:tuff":23,"minecraft:white_bed":5,"minecraft:deepslate_diamond_ore":7,"minecraft:granite":6,"minecraft:grass_block":8,"biomesoplenty:flowering_oak_leaves":1,"minecraft:nether_wart":10,"biomesoplenty:jacaranda_log":27,"biomesoplenty:tall_lavender":5,"minecraft:iron_ore":58,"minecraft:fire":3,"biomesoplenty:lavender":167,"minecraft:andesite":6,"minecraft:gold_block":1,"biomesoplenty:magic_log":6,"minecraft:deepslate_iron_ore":6,"minecraft:stone":115,"minecraft:podzol":3,"biomesoplenty:jacaranda_leaves":9,"minecraft:deepslate_redstone_ore":12,"minecraft:soul_sand":5,"minecraft:crafting_table":4,"minecraft:torch":2,"minecraft:chest":1,"minecraft:nether_quartz_ore":16,"minecraft:tall_grass":2,"minecraft:cobblestone":3,"biomesoplenty:sprout":16,"minecraft:lapis_ore":6,"minecraft:wall_torch":4,"minecraft:birch_log":7,"minecraft:birch_leaves":2,"minecraft:grass":54,"biomesoplenty:clover":1,"minecraft:oak_log":18,"minecraft:coal_ore":149,"minecraft:gravel":2,"minecraft:dirt":8,"minecraft:cobweb":31,"minecraft:netherrack":13,"biomesoplenty:redwood_wood":1,"minecraft:oak_leaves":12,"minecraft:deepslate":9},"minecraft:picked_up":{"minecraft:crafting_table":4,"minecraft:nether_wart":8,"minecraft:chicken":2,"minecraft:gold_block":1,"biomesoplenty:jacaranda_sapling":8,"minecraft:string":84,"biomesoplenty:tall_lavender":8,"minecraft:cobbled_deepslate":9,"minecraft:beef":19,"minecraft:oak_boat":2,"biomesoplenty:redwood_wood":1,"minecraft:chest":1,"minecraft:birch_sapling":1,"minecraft:stick":9,"minecraft:raw_iron":62,"minecraft:torch":6,"minecraft:porkchop":11,"tombstone:grave_dust":1,"minecraft:redstone":54,"minecraft:arrow":1,"minecraft:rotten_flesh":20,"biomesoplenty:jacaranda_log":27,"minecraft:blaze_rod":2,"minecraft:mutton":4,"minecraft:cod":6,"minecraft:birch_log":7,"minecraft:white_wool":3,"minecraft:cobblestone":132,"biomesoplenty:lavender":154,"minecraft:feather":3,"minecraft:andesite":6,"minecraft:leather":10,"minecraft:tuff":23,"minecraft:oak_log":18,"minecraft:gunpowder":3,"minecraft:lapis_lazuli":37,"minecraft:dirt":18,"minecraft:white_banner":1,"minecraft:bone":5,"minecraft:wheat_seeds":7,"biomesoplenty:magic_log":6,"minecraft:soul_sand":5,"minecraft:birch_boat":1,"minecraft:quartz":16,"minecraft:gravel":3,"minecraft:white_bed":5,"minecraft:crying_obsidian":1,"minecraft:diamond":11,"minecraft:granite":6,"minecraft:netherrack":13,"minecraft:oak_sapling":1,"minecraft:coal":147,"minecraft:ender_pearl":1}},"DataVersion":3463}