{"stats":{"minecraft:dropped":{"minecraft:gravel":3,"minecraft:wheat_seeds":4,"minecraft:cobbled_deepslate":2,"biomesoplenty:redwood_wood":1,"biomesoplenty:lavender":152,"minecraft:cobblestone":2,"minecraft:granite":2,"minecraft:stick":2,"minecraft:andesite":2,"biomesoplenty:tall_lavender":7},"minecraft:custom":{"minecraft:interact_with_furnace":13,"minecraft:mob_kills":36,"minecraft:interact_with_crafting_table":13,"minecraft:leave_game":3,"minecraft:time_since_death":78318,"minecraft:sleep_in_bed":4,"minecraft:time_since_rest":35320,"minecraft:sprint_one_cm":173850,"minecraft:damage_taken":551,"minecraft:walk_one_cm":230972,"minecraft:drop":22,"minecraft:damage_dealt":5401,"minecraft:swim_one_cm":21710,"minecraft:talked_to_villager":1,"minecraft:fly_one_cm":136083,"minecraft:open_chest":17,"minecraft:crouch_one_cm":10695,"minecraft:play_time":78318,"tombstone:undead_killed":18,"minecraft:sneak_time":5563,"minecraft:walk_under_water_one_cm":26622,"minecraft:boat_one_cm":48015,"minecraft:jump":1852,"minecraft:walk_on_water_one_cm":34068,"minecraft:fall_one_cm":28699,"minecraft:total_world_time":78318,"minecraft:horse_one_cm":3954},"minecraft:killed":{"minecraft:cave_spider":1,"minecraft:pig":5,"minecraft:cod":6,"minecraft:creeper":2,"minecraft:skeleton":1,"minecraft:sheep":2,"minecraft:zombie":17,"minecraft:cow":1},"minecraft:used":{"minecraft:water_bucket":26,"minecraft:stone_sword":56,"minecraft:stone_pickaxe":180,"minecraft:chest":2,"minecraft:wooden_pickaxe":59,"minecraft:torch":11,"minecraft:dirt":5,"minecraft:crafting_table":4,"minecraft:white_bed":5,"minecraft:tuff":6,"minecraft:wooden_axe":186,"minecraft:iron_pickaxe":56,"minecraft:stone_axe":40,"minecraft:wooden_sword":57,"minecraft:golden_carrot":1,"minecraft:cobblestone":29,"minecraft:furnace":1,"minecraft:cooked_porkchop":5,"minecraft:bucket":27,"tombstone:gift":2,"minecraft:oak_boat":2,"minecraft:cooked_mutton":3},"minecraft:broken":{"minecraft:stone_pickaxe":1,"minecraft:wooden_sword":1,"minecraft:wooden_axe":1,"minecraft:wooden_pickaxe":1},"minecraft:crafted":{"minecraft:wooden_sword":1,"minecraft:oak_planks":56,"minecraft:cobblestone_slab":6,"biomesoplenty:jacaranda_planks":16,"minecraft:cooked_porkchop":11,"minecraft:crafting_table":1,"minecraft:wooden_pickaxe":1,"minecraft:furnace":1,"minecraft:bucket":1,"minecraft:stone_axe":1,"minecraft:cooked_mutton":3,"minecraft:air":0,"minecraft:oak_boat":1,"minecraft:stick":12,"minecraft:iron_ingot":7,"minecraft:iron_pickaxe":1,"minecraft:stone_pickaxe":2,"minecraft:wooden_axe":1,"minecraft:stone_sword":1,"minecraft:chest":1,"minecraft:torch":8},"minecraft:mined":{"minecraft:podzol":1,"minecraft:deepslate_redstone_ore":12,"biomesoplenty:jacaranda_leaves":9,"minecraft:diamond_ore":4,"minecraft:tuff":23,"minecraft:white_bed":5,"minecraft:deepslate_diamond_ore":7,"minecraft:crafting_table":3,"minecraft:torch":1,"minecraft:granite":2,"minecraft:grass_block":5,"minecraft:chest":1,"biomesoplenty:flowering_oak_leaves":1,"minecraft:tall_grass":2,"minecraft:cobblestone":3,"minecraft:lapis_ore":6,"minecraft:wall_torch":2,"biomesoplenty:jacaranda_log":27,"biomesoplenty:tall_lavender":4,"minecraft:iron_ore":57,"biomesoplenty:lavender":163,"minecraft:andesite":3,"minecraft:grass":52,"minecraft:oak_log":18,"minecraft:coal_ore":99,"minecraft:deepslate_iron_ore":3,"minecraft:gravel":2,"minecraft:dirt":5,"minecraft:cobweb":7,"minecraft:stone":65,"biomesoplenty:redwood_wood":1,"minecraft:oak_leaves":12,"minecraft:deepslate":7},"minecraft:picked_up":{"biomesoplenty:lavender":152,"minecraft:crafting_table":3,"minecraft:andesite":3,"minecraft:leather":2,"biomesoplenty:jacaranda_sapling":8,"minecraft:tuff":23,"minecraft:oak_log":18,"minecraft:gunpowder":3,"minecraft:string":9,"minecraft:lapis_lazuli":37,"minecraft:dirt":11,"biomesoplenty:tall_lavender":7,"minecraft:wheat_seeds":7,"minecraft:cobbled_deepslate":7,"minecraft:beef":3,"minecraft:oak_boat":2,"biomesoplenty:redwood_wood":1,"minecraft:chest":1,"minecraft:stick":9,"minecraft:raw_iron":58,"minecraft:torch":3,"minecraft:gravel":3,"minecraft:porkchop":11,"tombstone:grave_dust":1,"minecraft:white_bed":5,"minecraft:redstone":54,"minecraft:arrow":1,"minecraft:rotten_flesh":16,"biomesoplenty:jacaranda_log":27,"minecraft:diamond":11,"minecraft:granite":2,"minecraft:oak_sapling":1,"minecraft:cod":6,"minecraft:mutton":3,"minecraft:coal":99,"minecraft:white_wool":2,"minecraft:cobblestone":82}},"DataVersion":3463}