{"stats":{"minecraft:dropped":{"minecraft:wheat_seeds":4,"minecraft:cobbled_deepslate":2,"biomesoplenty:redwood_wood":1,"biomesoplenty:lavender":152,"minecraft:cobblestone":2,"minecraft:granite":2,"minecraft:stick":2,"minecraft:andesite":2,"biomesoplenty:tall_lavender":7,"minecraft:gravel":3},"minecraft:custom":{"minecraft:interact_with_furnace":13,"minecraft:mob_kills":23,"minecraft:interact_with_crafting_table":13,"minecraft:leave_game":2,"minecraft:time_since_death":66627,"minecraft:sleep_in_bed":4,"minecraft:time_since_rest":23629,"minecraft:sprint_one_cm":120164,"minecraft:damage_taken":316,"minecraft:walk_one_cm":178192,"minecraft:drop":22,"minecraft:damage_dealt":2779,"minecraft:swim_one_cm":21710,"minecraft:talked_to_villager":1,"minecraft:fly_one_cm":119007,"minecraft:open_chest":14,"minecraft:crouch_one_cm":8948,"minecraft:play_time":66627,"tombstone:undead_killed":7,"minecraft:sneak_time":4703,"minecraft:walk_under_water_one_cm":25081,"minecraft:boat_one_cm":48015,"minecraft:jump":1615,"minecraft:walk_on_water_one_cm":32040,"minecraft:total_world_time":66627,"minecraft:fall_one_cm":24776,"minecraft:horse_one_cm":3954},"minecraft:killed":{"minecraft:pig":5,"minecraft:cod":6,"minecraft:creeper":1,"minecraft:skeleton":1,"minecraft:sheep":2,"minecraft:zombie":6,"minecraft:cow":1},"minecraft:used":{"minecraft:cooked_mutton":3,"minecraft:water_bucket":20,"minecraft:stone_sword":11,"minecraft:stone_pickaxe":167,"minecraft:chest":2,"minecraft:wooden_pickaxe":59,"minecraft:torch":3,"minecraft:dirt":5,"minecraft:crafting_table":4,"minecraft:white_bed":5,"minecraft:wooden_axe":186,"minecraft:iron_pickaxe":23,"minecraft:stone_axe":25,"minecraft:cobblestone":26,"minecraft:wooden_sword":57,"minecraft:golden_carrot":1,"minecraft:furnace":1,"minecraft:cooked_porkchop":2,"minecraft:bucket":21,"minecraft:oak_boat":2},"minecraft:broken":{"minecraft:stone_pickaxe":1,"minecraft:wooden_sword":1,"minecraft:wooden_axe":1,"minecraft:wooden_pickaxe":1},"minecraft:crafted":{"minecraft:wooden_sword":1,"minecraft:oak_planks":56,"minecraft:cobblestone_slab":6,"biomesoplenty:jacaranda_planks":16,"minecraft:cooked_porkchop":11,"minecraft:crafting_table":1,"minecraft:wooden_pickaxe":1,"minecraft:furnace":1,"minecraft:bucket":1,"minecraft:stone_axe":1,"minecraft:cooked_mutton":3,"minecraft:air":0,"minecraft:oak_boat":1,"minecraft:stick":12,"minecraft:iron_ingot":7,"minecraft:iron_pickaxe":1,"minecraft:stone_pickaxe":2,"minecraft:wooden_axe":1,"minecraft:stone_sword":1,"minecraft:chest":1,"minecraft:torch":8},"minecraft:mined":{"minecraft:podzol":1,"minecraft:deepslate_redstone_ore":1,"minecraft:diamond_ore":4,"biomesoplenty:jacaranda_leaves":9,"minecraft:tuff":1,"minecraft:white_bed":5,"minecraft:deepslate_diamond_ore":4,"minecraft:crafting_table":3,"minecraft:torch":1,"minecraft:granite":2,"minecraft:grass_block":5,"minecraft:chest":1,"biomesoplenty:flowering_oak_leaves":1,"minecraft:tall_grass":2,"minecraft:cobblestone":1,"minecraft:lapis_ore":6,"minecraft:wall_torch":1,"biomesoplenty:jacaranda_log":27,"biomesoplenty:tall_lavender":4,"minecraft:iron_ore":50,"biomesoplenty:lavender":163,"minecraft:andesite":3,"minecraft:grass":52,"minecraft:deepslate_iron_ore":3,"minecraft:oak_log":18,"minecraft:coal_ore":99,"minecraft:gravel":2,"minecraft:dirt":5,"minecraft:stone":64,"minecraft:deepslate":7,"biomesoplenty:redwood_wood":1,"minecraft:oak_leaves":12},"minecraft:picked_up":{"biomesoplenty:lavender":152,"minecraft:crafting_table":3,"minecraft:andesite":3,"minecraft:leather":2,"biomesoplenty:jacaranda_sapling":8,"minecraft:tuff":1,"minecraft:oak_log":18,"minecraft:gunpowder":2,"minecraft:lapis_lazuli":37,"minecraft:dirt":11,"biomesoplenty:tall_lavender":7,"minecraft:wheat_seeds":7,"minecraft:cobbled_deepslate":7,"minecraft:beef":3,"minecraft:oak_boat":2,"biomesoplenty:redwood_wood":1,"minecraft:chest":1,"minecraft:stick":9,"minecraft:raw_iron":51,"minecraft:torch":2,"minecraft:gravel":3,"minecraft:porkchop":11,"tombstone:grave_dust":1,"minecraft:white_bed":5,"minecraft:redstone":4,"minecraft:arrow":1,"minecraft:rotten_flesh":6,"biomesoplenty:jacaranda_log":27,"minecraft:diamond":8,"minecraft:granite":2,"minecraft:oak_sapling":1,"minecraft:cod":6,"minecraft:mutton":3,"minecraft:coal":99,"minecraft:white_wool":2,"minecraft:cobblestone":79}},"DataVersion":3463}